Simulation time (s);Position vector;;;Euler rotation vector;;;Instant speed (m/s);Mean speed (m/s);Instant acceleration (m/s^2);Distance travelled (m)
0;-6,67;1,7;-0,89;0;0;0;-1;0;-1;0
0,3250847;-6,67;1,7;-0,89;1,4;345,7999;0;0;0;-1;0
0,3524257;-6,67;1,7;-0,89;1,2;344,7999;1,334314E-08;0;0;0;0
0,3677675;-6,67;1,7;-0,89;1,2;344,6999;0;0;0;0;0
0,3779184;-6,67;1,7;-0,89;1,2;344,6999;0;0;0;0;0
0,3957394;-6,67;1,7;-0,89;1,2;344,6999;0;0;0;0;0
0,4128933;-6,67;1,7;-0,89;1,2;344,6999;0;0;0;0;0
0,4236412;-6,67;1,7;-0,89;1,2;344,5999;-1,334314E-08;0;0;0;0
0,4345161;-6,67;1,7;-0,89;1,2;344,3998;0;0;0;0;0
0,4483112;-6,67;1,7;-0,89;1,2;343,9998;-1,334314E-08;0;0;0;0
0,4592856;-6,67;1,7;-0,89;1,2;343,4998;0;0;0;0;0
0,4714662;-6,67;1,7;-0,89;1,2;342,7998;-1,334314E-08;0;0;0;0
0,4839914;-6,67;1,7;-0,89;1,2;341,9998;0;0;0;0;0
0,5069447;-6,67;1,7;-0,89;1,2;339,2998;-1,334314E-08;0;0;0;0
0,5253642;-6,67;1,7;-0,89;1,2;336,6998;0;0;0;0;0
0,5365285;-6,67;1,7;-0,89;1,2;334,5998;0;0;0;0;0
0,5480881;-6,67;1,7;-0,89;1,2;332,0998;-2,668628E-08;0;0;0;0
0,5593927;-6,67;1,7;-0,89;1,2;329,9998;-2,668628E-08;0;0;0;0
0,5709146;-6,67;1,7;-0,89;1,1;327,1998;-2,668534E-08;0;0;0;0
0,5823928;-6,67;1,7;-0,89;1,1;324,4998;0;0;0;0;0
0,5948884;-6,67;1,7;-0,89;1;321,5998;0;0;0;0;0
0,6064662;-6,67;1,7;-0,89;0,8000001;318,7998;0;0;0;0;0
0,6165463;-6,67;1,7;-0,89;0,8;316,3998;0;0;0;0;0
0,6281737;-6,67;1,7;-0,89;0,6999999;313,7998;0;0;0;0;0
0,6391276;-6,67;1,7;-0,89;0,6000001;311,5998;0;0;0;0;0
0,6526899;-6,67;1,7;-0,89;0,4;308,9998;0;0;0;0;0
0,6645263;-6,67;1,7;-0,89;0,3;306,5998;0;0;0;0;0
0,676571;-6,67;1,7;-0,89;0,2;304,3998;0;0;0;0;0
0,6891705;-6,67;1,7;-0,89;0,2;302,0998;-6,670147E-09;0;0;0;0
0,701493;-6,67;1,7;-0,89;0,09999999;300,2998;0;0;0;0;0
0,7146583;-6,67;1,7;-0,89;0,09999999;298,6998;3,335058E-09;0;0;0;0
0,7255716;-6,67;1,7;-0,89;-1,490116E-08;297,4998;-3,975693E-16;0;0;0;0
0,7374834;-6,67;1,7;-0,89;-1,490116E-08;296,4998;0;0;0;0;0
0,7512174;-6,67;1,7;-0,89;-1,490116E-08;295,5998;0;0;0;0;0
0,7629004;-6,67;1,7;-0,89;-1,490116E-08;295,0998;0;0;0;0;0
0,7750223;-6,67;1,7;-0,89;-1,490116E-08;294,4998;0;0;0;0;0
0,7876513;-6,67;1,7;-0,89;359,8;293,4998;6,670147E-09;0;0;0;0
0,7998735;-6,67;1,7;-0,89;359,7;292,9998;1,334039E-08;0;0;0;0
0,8136553;-6,67;1,7;-0,89;359,7;292,5998;1,33404E-08;0;0;0;0
0,8265104;-6,67;1,7;-0,89;359,7;292,3998;0;0;0;0;0
0,8379915;-6,67;1,7;-0,89;359,7;292,1998;-1,334039E-08;0;0;0;0
0,8488429;-6,67;1,7;-0,89;359,7;291,8998;0;0;0;0;0
0,8620572;-6,67;1,7;-0,89;359,7;291,1998;0;0;0;0;0
0,8759124;-6,67;1,7;-0,89;359,7;290,2998;1,33404E-08;0;0;0;0
0,8883574;-6,67;1,7;-0,89;359,9;289,3998;0;0;0;0;0
0,9000975;-6,67;1,7;-0,89;0,1;288,4998;0;0;0;0;0
0,910929;-6,67;1,7;-0,89;0,4000001;287,7998;1,334054E-08;0;0;0;0
0,9217442;-6,67;1,7;-0,89;0,7;287,0998;-5,336483E-08;0;0;0;0
0,9343947;-6,67;1,7;-0,89;1,2;286,1998;-1,067451E-07;0;0;0;0
0,9468468;-6,67;1,7;-0,89;1,7;285,2998;5,338434E-08;0;0;0;0
0,9595826;-6,67;1,7;-0,89;2,1;284,4998;0;0;0;0;0
0,9747106;-6,67;1,7;-0,89;2,4;284,0998;-1,068154E-07;0;0;0;0
0,987996;-6,67;1,7;-0,89;2,5;283,7998;0;0;0;0;0
1,001466;-6,67;1,7;-0,89;2,5;283,6998;-1,068234E-07;0;0;0;0
1,01288;-6,67;1,7;-0,89;2,5;283,6998;-1,068234E-07;0;0;0;0
1,030363;-6,67;1,7;-0,89;2,5;283,6998;-1,068234E-07;0;0;0;0
1,044032;-6,67;1,7;-0,89;2,5;283,6998;-1,068234E-07;0;0;0;0
1,062761;-6,67;1,7;-0,89;2,5;283,6998;-1,068234E-07;0;0;0;0
1,073216;-6,67;1,7;-0,89;2,5;283,6998;-1,068234E-07;0;0;0;0
1,084447;-6,67;1,7;-0,89;2,5;283,6998;-1,068234E-07;0;0;0;0
1,096461;-6,67;1,7;-0,89;2,6;283,6998;-2,136634E-07;0;0;0;0
1,107991;-6,67;1,7;-0,89;2,6;283,6998;-2,136634E-07;0;0;0;0
1,127745;-6,67;1,7;-0,89;2,6;283,6998;-2,136634E-07;0;0;0;0
1,13877;-6,67;1,7;-0,89;2,6;283,6998;-2,136634E-07;0;0;0;0
1,149022;-6,67;1,7;-0,89;2,6;283,6998;-2,136634E-07;0;0;0;0
1,160416;-6,67;1,7;-0,89;2,6;283,6998;-2,136634E-07;0;0;0;0
1,170927;-6,67;1,7;-0,89;2,6;283,6998;-2,136634E-07;0;0;0;0
1,182169;-6,67;1,7;-0,89;2,6;283,6998;-2,136634E-07;0;0;0;0
1,199391;-6,67;1,7;-0,89;2,6;283,6998;-2,136634E-07;0;0;0;0
1,216129;-6,67;1,7;-0,89;2,6;283,6998;-2,136634E-07;0;0;0;0
1,232901;-6,67;1,7;-0,89;2,4;283,6998;0;0;0;0;0
1,244524;-6,67;1,7;-0,89;2,200001;283,6998;-1,068004E-07;0;0;0;0
1,25593;-6,67;1,7;-0,89;1,8;283,3998;5,338719E-08;0;0;0;0
1,268683;-6,67;1,7;-0,89;1,4;282,7998;0;0;0;0;0
1,283714;-6,67;1,7;-0,89;0,4999999;281,5998;0;0;0;0;0
1,297818;-6,67;1,7;-0,89;359,7;280,1998;-1,33404E-08;0;0;0;0
1,310079;-6,67;1,7;-0,89;359;278,8998;0;0;0;0;0
1,322459;-6,67;1,7;-0,89;358,3;277,2998;0;0;0;0;0
1,335416;-6,67;1,7;-0,89;357,3;275,6998;1,068403E-07;0;0;0;0
1,346619;-6,67;1,7;-0,89;356,8;274,5999;1,068884E-07;0;0;0;0
1,357638;-6,67;1,7;-0,89;356,1;273,4998;2,139388E-07;0;0;0;0
1,369248;-6,67;1,7;-0,89;355,7;272,6998;0;0;0;0;0
1,381801;-6,67;1,7;-0,89;355,2;272,1998;-2,141946E-07;0;0;0;0
1,394553;-6,67;1,7;-0,89;355,1;272,0998;-2,142263E-07;0;0;0;0
1,404788;-6,67;1,7;-0,89;355;271,9998;0;0;0;0;0
1,415797;-6,67;1,7;-0,89;354,8;271,9998;2,143255E-07;0;0;0;0
1,429068;-6,67;1,7;-0,89;354,3;272,1998;0;0;0;0;0
1,443798;-6,67;1,7;-0,89;353,6;272,6998;2,147819E-07;0;0;0;0
1,456946;-6,67;1,7;-0,89;353,1;273,0998;-2,150006E-07;0;0;0;0
1,468775;-6,67;1,7;-0,89;352,6;273,6998;0;0;0;0;0
1,4822;-6,67;1,7;-0,89;352,1;274,1998;4,30977E-07;0;0;0;0
1,494713;-6,67;1,7;-0,89;351,8;274,7998;4,312963E-07;0;0;0;0
1,506803;-6,67;1,7;-0,89;351,5;275,3998;-4,316279E-07;0;0;0;0
1,51803;-6,67;1,7;-0,89;351,1;275,9999;0;0;0;0;0
1,529532;-6,67;1,7;-0,89;350,8;276,5999;0;0;0;0;0
1,550789;-6,67;1,7;-0,89;350,5;277,1999;0;0;0;0;0
1,566434;-6,67;1,7;-0,89;349,8;278,5999;0;0;0;0;0
1,578199;-6,67;1,7;-0,89;349,5;279,1999;4,341568E-07;0;0;0;0
1,590061;-6,67;1,7;-0,89;349,2;279,5999;4,345844E-07;0;0;0;0
1,604914;-6,67;1,7;-0,89;349,1;279,9998;0;0;0;0;0
1,6236;-6,67;1,7;-0,89;348,9;280,1998;4,35025E-07;0;0;0;0
1,641925;-6,67;1,7;-0,89;348,9;280,2999;0;0;0;0;0
1,660795;-6,67;1,7;-0,89;348,9;280,4999;8,700499E-07;0;0;0;0
1,672773;-6,67;1,7;-0,89;348,9;280,7999;0;0;0;0;0
1,685082;-6,67;1,7;-0,89;348,9;281,0999;0;0;0;0;0
1,697515;-6,67;1,7;-0,89;348,9;281,4998;-4,350249E-07;0;0;0;0
1,709697;-6,67;1,7;-0,89;349,1;281,7998;0;0;0;0;0
1,720621;-6,67;1,7;-0,89;349,1;282,2998;0;0;0;0;0
1,733041;-6,67;1,7;-0,89;349,1;282,6998;0;0;0;0;0
1,745323;-6,67;1,7;-0,89;349,1;282,9998;0;0;0;0;0
1,758057;-6,67;1,7;-0,89;349,1;283,1998;4,347299E-07;0;0;0;0
1,769051;-6,67;1,7;-0,89;349,1;283,3998;4,347299E-07;0;0;0;0
1,781535;-6,67;1,7;-0,89;349,1;283,4998;0;0;0;0;0
1,792091;-6,67;1,7;-0,89;349,1;283,4998;0;0;0;0;0
1,811109;-6,67;1,7;-0,89;349,1;283,7999;4,347299E-07;0;0;0;0
1,829748;-6,67;1,7;-0,89;349,1;283,9999;0;0;0;0;0
1,841214;-6,67;1,7;-0,89;349,1;284,1999;0;0;0;0;0
1,859755;-6,67;1,7;-0,89;349,1;284,3999;4,347299E-07;0;0;0;0
1,870921;-6,67;1,7;-0,89;349,1;284,4999;0;0;0;0;0
1,886512;-6,67;1,7;-0,89;349,1;284,4999;0;0;0;0;0
1,897472;-6,67;1,7;-0,89;349,1;284,4999;0;0;0;0;0
1,910294;-6,67;1,7;-0,89;349,1;284,4999;0;0;0;0;0
1,921154;-6,67;1,7;-0,89;349,1;284,4999;0;0;0;0;0
1,931912;-6,67;1,7;-0,89;349,1;284,4999;0;0;0;0;0
1,94239;-6,67;1,7;-0,89;349,1;284,4999;0;0;0;0;0
1,953153;-6,67;1,7;-0,89;349,1;284,4999;0;0;0;0;0
1,964164;-6,67;1,7;-0,89;349,1;284,4999;0;0;0;0;0
1,974844;-6,67;1,7;-0,89;349,1;284,4999;0;0;0;0;0
1,984999;-6,67;1,7;-0,89;349,1;284,4999;0;0;0;0;0
1,99526;-6,67;1,7;-0,89;349,1;284,4999;0;0;0;0;0
2,013712;-6,67;1,7;-0,89;349,1;284,2999;0;0;0;0;0
2,031966;-6,67;1,7;-0,89;349,1;284,1999;0;0;0;0;0
2,049533;-6,67;1,7;-0,89;349,1;284,1999;0;0;0;0;0
2,061634;-6,67;1,7;-0,89;349,1;284,1999;0;0;0;0;0
2,073721;-6,67;1,7;-0,89;349,1;284,1999;0;0;0;0;0
2,08408;-6,67;1,7;-0,89;349,1;284,1999;0;0;0;0;0
2,103705;-6,67;1,7;-0,89;349,1;284,1999;0;0;0;0;0
2,121339;-6,67;1,7;-0,89;349,1;284,1999;0;0;0;0;0
2,138931;-6,67;1,7;-0,89;349,1;284,1999;0;0;0;0;0
2,148994;-6,67;1,7;-0,89;349,1;284,1999;0;0;0;0;0
2,160422;-6,48;1,7;-0,89;349,1;284,1999;0;-1;0,0879458;-1;0,1900001
2,173369;-6,15;1,7;-0,89;349,1;284,1999;0;-1;0,2392599;-1;0,52
2,187902;-5,79;1,7;-0,89;349,1;284,1999;0;-1;0,4022118;-1;0,8800001
2,198843;-5,79;1,7;-0,89;349,1;284,1999;0;0;0,4002104;-1;0,8800001
2,2107;-5,6;1,7;-0,89;349,1;284,1999;0;-1;0,4840097;-1;1,07
2,22581;-5,6;1,7;-0,89;349,1;284,1999;0;0;0,480724;-1;1,07
2,239031;-5,43;1,7;-0,89;349,1;284,1999;0;-1;0,553811;-1;1,24
2,250006;-5,43;1,7;-0,89;349,1;284,1999;0;0;0,5511097;-1;1,24
2,260794;-5,43;1,7;-0,89;349,1;284,1999;0;0;0,5484799;0;1,24
2,277873;-5,43;1,7;-0,89;349,1;284,1999;0;0;0,5443676;0;1,24
2,294278;-5,43;1,7;-0,89;349,1;284,1999;0;0;0,5404752;0;1,24
2,312649;-5,27;1,7;-0,89;349,1;284,1999;0;8,709434;0,6053665;250,4457;1,4
2,323099;-5,27;1,7;-0,89;349,1;284,1999;0;0;0,6026433;-302,1881;1,4
2,333553;-5,27;1,7;-0,89;349,1;284,1999;0;0;0,5999435;0;1,4
2,347349;-5,08;1,7;-0,89;349,1;284,1999;0;-1;0,6773599;-1;1,59
2,358863;-5,08;1,7;-0,89;349,1;284,1999;0;0;0,6740537;-1;1,59
2,371397;-4,91;1,7;-0,89;349,1;284,1999;0;-1;0,7421786;-1;1,76
2,388278;-4,91;1,7;-0,89;349,1;284,1999;0;0;0,7369328;-1;1,76
2,398929;-4,91;1,7;-0,89;349,1;284,1999;0;0;0,7336607;0;1,76
2,416841;-4,75;1,7;-0,89;349,1;284,1999;0;8,932595;0,7944254;312,7302;1,92
2,434932;-4,58;1,7;-0,89;349,1;284,1999;0;9,396837;0,8583401;12,8945;2,09
2,450112;-4,58;1,7;-0,89;349,1;284,1999;0;0;0,8530222;-282,4326;2,09
2,460387;-4,58;1,7;-0,89;349,1;284,1999;0;0;0,84946;0;2,09
2,470513;-4,58;1,7;-0,89;349,1;284,1999;0;0;0,8459783;0;2,09
2,484175;-4,56;1,7;-0,89;349,1;284,1999;0;1,463826;0,8493764;61,53453;2,11
2,494618;-4,56;1,7;-0,89;349,1;284,1999;0;0;0,8458209;-60,72568;2,11
2,505035;-4,56;1,7;-0,89;349,1;284,1999;0;0;0,8423036;0;2,11
2,51714;-4,56;1,7;-0,89;349,1;284,1999;0;0;0,838253;0;2,11
2,529732;-4,56;1,7;-0,89;349,1;284,1999;0;0;0,8340805;0;2,11
2,546626;-4,56;1,7;-0,89;349,1;284,1999;0;0;0,8285472;0;2,11
2,566159;-4,39;1,7;-0,89;349,1;284,1999;0;8,703366;0,8884875;238,9261;2,28
2,576543;-4,39;1,7;-0,89;349,1;284,1999;0;0;0,8849068;-290,924;2,28
2,593096;-4,39;1,7;-0,89;349,1;284,1999;0;0;0,8792581;0;2,28
2,606375;-4,36;1,7;-0,89;349,1;284,1999;0;2,259112;0,8862884;75,72688;2,31
2,618163;-4,2;1,7;-0,89;349,1;284,1999;0;-1;0,9434098;-1;2,47
2,635485;-4,2;1,7;-0,89;349,1;284,1999;0;0;0,9372091;-1;2,47
2,654966;-4,2;1,7;-0,89;349,1;284,1999;0;0;0,9303322;0;2,47
2,667901;-4,2;1,7;-0,89;349,1;284,1999;0;0;0,9258216;0;2,47
2,6855;-4,2;1,7;-0,89;349,1;284,1999;0;0;0,9197544;0;2,47
2,702288;-4,2;1,7;-0,89;349,1;284,1999;0;0;0,9140403;0;2,47
2,720993;-4,03;1,7;-0,89;349,1;284,1999;0;9,088394;0,9702339;256,0589;2,64
2,732507;-4,03;1,7;-0,89;349,1;284,1999;0;0;0,9661457;-300,7526;2,64
2,744318;-3,87;1,7;-0,89;349,1;284,1999;0;-1;1,02029;-1;2,8
2,761629;-3,87;1,7;-0,89;349,1;284,1999;0;0;1,013895;-1;2,8
2,778718;-3,87;1,7;-0,89;349,1;284,1999;0;0;1,007659;0;2,8
2,795769;-3,87;1,7;-0,89;349,1;284,1999;0;0;1,001513;0;2,8
2,805946;-3,87;1,7;-0,89;349,1;284,1999;0;0;0,9978809;0;2,8
2,816465;-3,87;1,7;-0,89;349,1;284,1999;0;0;0,9941542;0;2,8
2,828436;-3,87;1,7;-0,89;349,1;284,1999;0;0;0,9899466;0;2,8
2,839803;-3,87;1,7;-0,89;349,1;284,1999;0;0;0,9859838;0;2,8
2,85633;-3,87;1,7;-0,89;349,1;284,1999;0;0;0,9802789;0;2,8
2,87286;-3,87;1,7;-0,89;349,1;284,1999;0;0;0,9746386;0;2,8
2,883563;-3,87;1,7;-0,89;349,1;284,1999;0;0;0,9710211;0;2,8
2,893852;-3,87;1,7;-0,89;349,1;284,1999;0;0;0,9675686;0;2,8
2,906655;-3,71;1,7;-0,89;349,1;284,1999;0;-1;1,018353;-1;2,96
2,91704;-3,71;1,7;-0,89;349,1;284,1999;0;0;1,014727;-1;2,96
2,929876;-3,71;1,7;-0,89;349,1;284,1999;0;0;1,010282;0;2,96
2,946312;-3,71;1,7;-0,89;349,1;284,1999;0;0;1,004646;0;2,96
2,958269;-3,68;1,7;-0,89;349,1;284,1999;0;2,508953;1,010726;88,36436;2,99
2,97696;-3,51;1,7;-0,89;349,1;284,1999;0;9,095376;1,061486;214,9055;3,16
2,994285;-3,51;1,7;-0,89;349,1;284,1999;0;0;1,055344;-252,5372;3,16
3,009958;-3,51;1,7;-0,89;349,1;284,1999;0;0;1,049849;0;3,16
3,020547;-3,35;1,7;-0,89;349,1;284,1999;0;-1;1,099139;-1;3,32
3,037958;-3,35;1,7;-0,89;349,1;284,1999;0;0;1,092839;-1;3,32
3,052176;-3,32;1,7;-0,89;349,1;284,1999;0;2,110021;1,097578;66,71243;3,35
3,063938;-3,32;1,7;-0,89;349,1;284,1999;0;0;1,093364;-81,21789;3,35
3,074584;-3,32;1,7;-0,89;349,1;284,1999;0;0;1,089578;0;3,35
3,091981;-3,32;1,7;-0,89;349,1;284,1999;0;0;1,083448;0;3,35
3,104134;-3,32;1,7;-0,89;349,1;284,1999;0;0;1,079206;0;3,35
3,114303;-3,32;1,7;-0,89;349,1;284,1999;0;0;1,075682;0;3,35
3,130706;-3,32;1,7;-0,89;349,1;284,1999;0;0;1,070046;0;3,35
3,142753;-3,15;1,7;-0,89;349,1;284,1999;0;-1;1,120037;-1;3,52
3,153974;-3,15;1,7;-0,89;349,1;284,1999;0;0;1,116052;-1;3,52
3,173263;-2,99;1,7;-0,89;349,1;284,1999;0;8,29488;1,15969;271,8746;3,68
3,184947;-2,99;1,7;-0,89;349,1;284,1999;0;0;1,155435;-267,8124;3,68
3,202592;-2,99;1,7;-0,89;349,1;284,1999;0;0;1,149069;0;3,68
3,213261;-2,99;1,7;-0,89;349,1;284,1999;0;0;1,145254;0;3,68
3,224351;-2,99;1,7;-0,89;349,1;284,1999;0;0;1,141315;0;3,68
3,241294;-2,99;1,7;-0,89;349,1;284,1999;0;0;1,135349;0;3,68
3,251432;-2,99;1,7;-0,89;349,1;284,1999;0;0;1,131809;0;3,68
3,267184;-2,99;1,7;-0,89;349,1;284,1999;0;0;1,126352;0;3,68
3,277481;-2,99;1,7;-0,89;349,1;284,1999;0;0;1,122814;0;3,68
3,295657;-2,83;1,7;-0,89;349,1;284,1999;0;8,802668;1,16517;309,1543;3,84
3,31875;-2,83;1,7;-0,89;349,1;284,1999;0;0;1,157062;-213,297;3,84
3,329835;-2,83;1,7;-0,89;349,1;284,1999;0;0;1,15321;0;3,84
3,346712;-2,83;1,7;-0,89;349,1;284,1999;0;0;1,147395;0;3,84
3,358033;-2,83;1,7;-0,89;349,1;284,1999;0;0;1,143527;0;3,84
3,374307;-2,83;1,7;-0,89;349,1;284,1999;0;0;1,138011;0;3,84
3,391136;-2,83;1,7;-0,89;349,1;284,1999;0;0;1,132364;0;3,84
3,401276;-2,83;1,7;-0,89;349,1;284,1999;0;0;1,128988;0;3,84
3,411611;-2,83;1,7;-0,89;349,1;284,1999;0;0;1,125568;0;3,84
3,428393;-2,83;1,7;-0,89;349,1;284,1999;0;0;1,120058;0;3,84
3,439592;-2,83;1,7;-0,89;349,1;284,1999;0;0;1,116411;0;3,84
3,450141;-2,83;1,7;-0,89;349,1;284,1999;0;0;1,112998;0;3,84
3,46865;-2,83;1,7;-0,89;349,1;284,1999;0;0;1,107059;0;3,84
3,485651;-2,83;1,7;-0,89;349,1;284,1999;0;0;1,101659;0;3,84
3,495916;-2,83;1,7;-0,89;349,1;284,1999;0;0;1,098425;0;3,84
3,512657;-2,83;1,7;-0,89;349,1;284,1999;0;0;1,09319;0;3,84
3,523755;-2,63;1,7;-0,89;349,1;284,1999;0;-1;1,146504;-1;4,04
3,541045;-2,63;1,7;-0,89;349,1;284,1999;0;0;1,140906;-1;4,04
3,558219;-2,63;1,7;-0,89;349,1;284,1999;0;0;1,1354;0;4,04
3,569405;-2,63;1,7;-0,89;349,1;284,1999;0;0;1,131841;0;4,04
3,579892;-2,63;1,7;-0,89;349,1;284,1999;0;0;1,128525;0;4,04
3,592293;-2,63;1,7;-0,89;349,1;284,1999;0;0;1,12463;0;4,04
3,608639;-2,63;1,7;-0,89;349,1;284,1999;0;0;1,119536;0;4,04
3,63238;-2,63;1,7;-0,89;349,1;284,1999;0;0;1,112218;0;4,04
3,64859;-2,63;1,7;-0,89;349,1;284,1999;0;0;1,107277;0;4,04
3,665861;-2,63;1,7;-0,89;349,1;284,1999;0;0;1,10206;0;4,04
3,677549;-2,47;1,7;-0,89;349,1;284,1999;0;-1;1,142065;-1;4,2
3,68922;-2,47;1,7;-0,89;349,1;284,1999;0;0;1,138452;-1;4,2
3,701284;-2,47;1,7;-0,89;349,1;284,1999;0;0;1,134741;0;4,2
3,713258;-2,47;1,7;-0,89;349,1;284,1999;0;0;1,131082;0;4,2
3,724281;-2,47;1,7;-0,89;349,1;284,1999;0;0;1,127734;0;4,2
3,737128;-2,47;1,7;-0,89;349,1;284,1999;0;0;1,123857;0;4,2
3,747677;-2,47;1,7;-0,89;349,1;284,1999;0;0;1,120694;0;4,2
3,764302;-2,47;1,7;-0,89;349,1;284,1999;0;0;1,115745;0;4,2
3,787386;-2,47;1,7;-0,89;349,1;284,1999;0;0;1,108944;0;4,2
3,808292;-2,3;1,7;-0,89;349,1;284,1999;0;8,131837;1,147496;184,8589;4,37
3,818444;-2,3;1,7;-0,89;349,1;284,1999;0;0;1,144445;-261,8308;4,37
3,832998;-2,3;1,7;-0,89;349,1;284,1999;0;0;1,1401;0;4,37
3,844315;-2,3;1,7;-0,89;349,1;284,1999;0;0;1,136744;0;4,37
3,854913;-2,3;1,7;-0,89;349,1;284,1999;0;0;1,133618;0;4,37
3,866356;-2,3;1,7;-0,89;349,1;284,1999;0;0;1,130263;0;4,37
3,878376;-2,3;1,7;-0,89;349,1;284,1999;0;0;1,12676;0;4,37
3,891257;-2,3;1,7;-0,89;349,1;284,1999;0;0;1,123031;0;4,37
3,901429;-2,3;1,7;-0,89;349,1;284,1999;0;0;1,120102;0;4,37
3,918847;-2,3;1,7;-0,89;349,1;284,1999;0;0;1,115124;0;4,37
3,929863;-2,3;1,7;-0,89;349,1;284,1999;0;0;1,111998;0;4,37
3,947902;-2,3;1,7;-0,89;349,1;284,1999;0;0;1,106917;0;4,37
3,965046;-2,3;1,7;-0,89;349,1;284,1999;0;0;1,102131;0;4,37
3,976602;-2,14;1,7;-0,89;349,1;284,1999;0;-1;1,139163;-1;4,53
3,993238;-2,14;1,7;-0,89;349,1;284,1999;0;0;1,134418;-1;4,53
4,010658;-2,14;1,7;-0,89;349,1;284,1999;0;0;1,12949;0;4,53
4,021601;-2,14;1,7;-0,89;349,1;284,1999;0;0;1,126417;0;4,53
4,032112;-2,14;1,7;-0,89;349,1;284,1999;0;0;1,123481;0;4,53
4,0438;-2,14;1,7;-0,89;349,1;284,1999;0;0;1,120233;0;4,53
4,060993;-2,14;1,7;-0,89;349,1;284,1999;0;0;1,115491;0;4,53
4,071455;-2,14;1,7;-0,89;349,1;284,1999;0;0;1,112624;0;4,53
4,083332;-2,14;1,7;-0,89;349,1;284,1999;0;0;1,109388;0;4,53
4,100711;-2,14;1,7;-0,89;349,1;284,1999;0;0;1,104686;0;4,53
4,111791;-2,14;1,7;-0,89;349,1;284,1999;0;0;1,10171;0;4,53
4,122317;-2,14;1,7;-0,89;349,1;284,1999;0;0;1,098896;0;4,53
4,13232;-2,14;1,7;-0,89;349,1;284,1999;0;0;1,096236;0;4,53
4,149318;-2,14;1,7;-0,89;349,1;284,1999;0;0;1,091746;0;4,53
4,159752;-2,14;1,7;-0,89;349,1;284,1999;0;0;1,089007;0;4,53
4,179981;-2,14;1,7;-0,89;349,1;284,1999;0;0;1,083737;0;4,53
4,190114;-2,14;1,7;-0,89;349,1;284,1999;0;0;1,081116;0;4,53
4,202647;-2,14;1,7;-0,89;349,1;284,1999;0;0;1,077892;0;4,53
4,220007;-2,14;1,7;-0,89;349,1;284,1999;0;0;1,073458;0;4,53
4,230329;-2,14;1,7;-0,89;349,1;284,1999;0;0;1,070839;0;4,53
4,240582;-2,14;1,7;-0,89;349,1;284,1999;0;0;1,068249;0;4,53
4,252198;-2,14;1,7;-0,89;349,1;284,1999;0;0;1,065331;0;4,53
4,269173;-2,14;1,7;-0,89;349,1;284,1999;0;0;1,061095;0;4,53
4,281003;-2,14;1,7;-0,89;349,1;284,1999;0;0;1,058163;0;4,53
4,291366;-2,14;1,7;-0,89;349,1;284,1999;0;0;1,055608;0;4,53
4,304058;-2,14;1,7;-0,89;349,1;284,1999;0;0;1,052495;0;4,53
4,314608;-2,14;1,7;-0,89;349,1;284,1999;0;0;1,049922;0;4,53
4,324675;-2,14;1,7;-0,89;349,1;284,1999;0;0;1,047478;0;4,53
4,34143;-2,14;1,7;-0,89;349,1;284,1999;0;0;1,043435;0;4,53
4,351496;-2,14;1,7;-0,89;349,1;284,1999;0;0;1,041021;0;4,53
4,361825;-2,14;1,7;-0,89;349,1;284,1999;0;0;1,038556;0;4,53
4,375429;-2,14;1,7;-0,89;349,1;284,1999;0;0;1,035327;0;4,53
4,392345;-2,14;1,7;-0,89;349,1;284,1999;0;0;1,03134;0;4,53
4,406413;-2,14;1,7;-0,89;349,1;284,1999;0;0;1,028047;0;4,53
4,416623;-2,14;1,7;-0,89;349,1;284,1999;0;0;1,025671;0;4,53
4,433999;-2,14;1,7;-0,89;349,1;284,1999;0;0;1,021651;0;4,53
4,450669;-2,14;1,7;-0,89;349,1;284,1999;0;0;1,017825;0;4,53
4,461096;-2,14;1,7;-0,89;349,1;284,1999;0;0;1,015445;0;4,53
4,473213;-2,14;1,7;-0,89;349,1;284,1999;0;0;1,012695;0;4,53
4,488286;-2,14;1,7;-0,89;349,1;284,1999;0;0;1,009294;0;4,53
4,500436;-2,14;1,7;-0,89;349,1;284,1999;0;0;1,006569;0;4,53
4,513072;-2,14;1,7;-0,89;349,1;284,1999;0;0;1,003751;0;4,53
4,523806;-2,14;1,7;-0,89;349,1;284,1999;0;0;1,001369;0;4,53
4,53819;-2,14;1,7;-0,89;349,1;284,1999;0;0;0,9981952;0;4,53
4,551656;-2,14;1,7;-0,89;349,1;284,1999;0;0;0,9952421;0;4,53
4,567575;-2,14;1,7;-0,89;349,1;284,1999;0;0;0,9917736;0;4,53
4,581042;-2,14;1,7;-0,89;349,1;284,1999;0;0;0,988858;0;4,53
4,592233;-2,14;1,7;-0,89;349,1;284,1999;0;0;0,9864481;0;4,53
4,604337;-2,14;1,7;-0,89;349,1;284,1999;0;0;0,983855;0;4,53
4,616442;-2,14;1,7;-0,89;349,1;284,1999;0;0;0,9812752;0;4,53
4,627935;-2,14;1,7;-0,89;349,1;284,1999;0;0;0,9788381;0;4,53
4,6401;-2,14;1,7;-0,89;349,1;284,1999;0;0;0,9762721;0;4,53
4,653352;-2,14;1,7;-0,89;349,1;284,1999;0;0;0,9734917;0;4,53
4,66759;-2,14;1,7;-0,89;349,1;284,1999;0;0;0,9705222;0;4,53
4,67973;-2,14;1,7;-0,89;349,1;284,1999;0;0;0,9680044;0;4,53
4,692806;-2,14;1,7;-0,89;349,1;284,1999;0;0;0,9653072;0;4,53
4,703032;-2,14;1,7;-0,89;349,1;284,1999;0;0;0,9632084;0;4,53
4,71676;-2,14;1,7;-0,89;349,1;284,1999;0;0;0,9604051;0;4,53
4,726805;-2,14;1,7;-0,89;349,1;284,1999;0;0;0,958364;0;4,53
4,738975;-2,14;1,7;-0,89;349,1;284,1999;0;0;0,9559029;0;4,53
4,749431;-2,14;1,7;-0,89;349,1;284,1999;0;0;0,9537985;0;4,53
4,767152;-2,14;1,7;-0,89;349,1;284,1999;0;0;0,9502528;0;4,53
4,777606;-2,14;1,7;-0,89;349,1;284,1999;0;0;0,9481736;0;4,53
4,787656;-2,14;1,7;-0,89;349,1;284,1999;0;0;0,9461831;0;4,53
4,799718;-2,14;1,7;-0,89;349,1;284,1999;0;0;0,9438054;0;4,53
4,812445;-2,14;1,7;-0,89;349,1;284,1999;0;0;0,9413094;0;4,53
4,824296;-2,14;1,7;-0,89;349,1;284,1999;0;0;0,938997;0;4,53
4,834318;-2,14;1,7;-0,89;349,1;284,1999;0;0;0,9370505;0;4,53
4,847678;-2,14;1,7;-0,89;349,1;284,1999;0;0;0,9344679;0;4,53
4,859161;-2,14;1,7;-0,89;349,1;284,1999;0;0;0,9322596;0;4,53
4,874146;-2,14;1,7;-0,89;349,1;284,1999;0;0;0,9293934;0;4,53
4,889112;-2,14;1,7;-0,89;349,1;284,1999;0;0;0,9265486;0;4,53
4,90183;-2,14;1,7;-0,89;349,1;284,1999;0;0;0,9241446;0;4,53
4,913731;-2,14;1,7;-0,89;349,1;284,1999;0;0;0,9219064;0;4,53
4,932856;-2,14;1,7;-0,89;349,1;284,1999;0;0;0,918332;0;4,53
4,943545;-2,14;1,7;-0,89;349,1;284,1999;0;0;0,9163464;0;4,53
4,954454;-2,14;1,7;-0,89;349,1;284,1999;0;0;0,9143288;0;4,53
4,96714;-2,14;1,7;-0,89;349,1;284,1999;0;0;0,9119936;0;4,53
4,978866;-2,14;1,7;-0,89;349,1;284,1999;0;0;0,9098458;0;4,53
4,991971;-2,14;1,7;-0,89;349,1;284,1999;0;0;0,9074572;0;4,53
5,010371;-2,14;1,7;-0,83;349,1;284,1999;0;3,260836;0,9160998;103,5018;4,59
5,021181;-2,14;1,7;-0,83;349,1;284,1999;0;0;0,9141275;-111,6321;4,59
5,032821;-2,14;1,7;-0,89;349,1;284,1999;0;5,154819;0,9239351;229,6136;4,65
5,045446;-2,14;1,7;-1,01;349,1;284,1999;0;9,504428;0,9454069;179,2523;4,77
5,057085;-2,14;1,7;-1,07;349,1;284,1999;0;5,155457;0,9550956;-179,2366;4,829999
5,068857;-2,14;1,7;-1,2;349,1;284,1999;0;-1;0,9785242;-1;4,96
5,0799;-2,14;1,7;-1,32;349,1;284,1999;0;-1;1,00002;-1;5,079999
5,093621;-2,14;1,7;-1,38;349,1;284,1999;0;4,372859;1,009105;-1;5,139999
5,104762;-2,14;1,7;-1,5;349,1;284,1999;0;-1;1,03041;-1;5,259999
5,11575;-2,14;1,7;-1,56;349,1;284,1999;0;5,46038;1,039926;-1;5,319999
5,126132;-2,14;1,7;-1,56;349,1;284,1999;0;0;1,037819;-255,5112;5,319999
5,140476;-2,14;1,7;-1,62;349,1;284,1999;0;4,182875;1,046595;169,1664;5,379999
5,150988;-2,14;1,7;-1,62;349,1;284,1999;0;0;1,04446;-168,2869;5,379999
5,163529;-2,14;1,7;-1,68;349,1;284,1999;0;4,784009;1,053543;207,5207;5,439999
5,182574;-2,14;1,7;-1,74;349,1;284,1999;0;3,150536;1,061249;-51,71482;5,499999
5,193328;-2,14;1,7;-1,74;349,1;284,1999;0;0;1,059051;-105,7263;5,499999
5,203398;-2,14;1,7;-1,74;349,1;284,1999;0;0;1,057001;0;5,499999
5,213587;-2,14;1,7;-1,81;349,1;284,1999;0;6,87011;1,068362;339,1156;5,569999
5,223666;-2,14;1,7;-1,81;349,1;284,1999;0;0;1,066301;-338,972;5,569999
5,235973;-2,14;1,7;-1,81;349,1;284,1999;0;0;1,063794;0;5,569999
5,246708;-2,14;1,7;-1,81;349,1;284,1999;0;0;1,061618;0;5,569999
5,263904;-2,14;1,7;-1,81;349,1;284,1999;0;0;1,05815;0;5,569999
5,275698;-2,14;1,7;-1,87;349,1;284,1999;0;5,087299;1,067157;175,4888;5,629999
5,287468;-2,14;1,7;-1,87;349,1;284,1999;0;0;1,064782;-215,8897;5,629999
5,300495;-2,14;1,7;-1,93;349,1;284,1999;0;4,605915;1,073484;185,7451;5,689999
5,312685;-2,14;1,7;-1,99;349,1;284,1999;0;4,921742;1,082315;12,5241;5,749999
5,323877;-2,14;1,7;-1,99;349,1;284,1999;0;0;1,08004;-210,4911;5,749999
5,341881;-2,14;1,7;-2,05;349,1;284,1999;0;3,332512;1,087632;114,1436;5,809999
5,354229;-2,14;1,7;-2,11;349,1;284,1999;0;4,859013;1,096329;50,29227;5,869998
5,366487;-2,14;1,7;-2,11;349,1;284,1999;0;0;1,093825;-197,4747;5,869998
5,378335;-2,14;1,7;-2,17;349,1;284,1999;0;5,064173;1,102571;210,0833;5,929998
5,391919;-2,14;1,7;-2,23;349,1;284,1999;0;4,417068;1,110922;-25,44489;5,989998
5,409185;-2,14;1,7;-2,23;349,1;284,1999;0;0;1,107375;-143,1769;5,989998
5,421152;-2,14;1,7;-2,29;349,1;284,1999;0;5,013906;1,115999;171,5126;6,049998
5,432534;-2,14;1,7;-2,35;349,1;284,1999;0;5,271429;1,124705;11,02935;6,109998
5,44343;-2,14;1,7;-2,48;349,1;284,1999;0;-1;1,146336;-1;6,239998
5,457243;-2,14;1,7;-2,54;349,1;284,1999;0;4,343574;1,154429;-1;6,299998
5,469604;-2,14;1,7;-2,54;349,1;284,1999;0;0;1,15182;-165,9495;6,299998
5,480717;-2,14;1,7;-2,6;349,1;284,1999;0;5,398996;1,160432;230,0015;6,359998
5,498602;-2,14;1,7;-2,66;349,1;284,1999;0;3,354738;1,167569;-70,49561;6,419998
5,517506;-2,14;1,7;-2,72;349,1;284,1999;0;3,173973;1,174443;-4,913554;6,479998
5,527957;-2,14;1,7;-2,72;349,1;284,1999;0;0;1,172223;-108,1236;6,479998
5,538632;-2,14;1,7;-2,72;349,1;284,1999;0;0;1,169964;0;6,479998
5,551991;-2,14;1,7;-2,78;349,1;284,1999;0;4,491487;1,177956;186,884;6,539998
5,562866;-2,14;1,7;-2,78;349,1;284,1999;0;0;1,175653;-185,3396;6,539998
5,573229;-2,14;1,7;-2,78;349,1;284,1999;0;0;1,173467;0;6,539998
5,58542;-2,14;1,7;-2,84;349,1;284,1999;0;4,921732;1,181648;218,2253;6,599998
5,596129;-2,14;1,7;-2,84;349,1;284,1999;0;0;1,179386;-214,9218;6,599998
5,608635;-2,14;1,7;-2,84;349,1;284,1999;0;0;1,176757;0;6,599998
5,619054;-2,14;1,7;-2,84;349,1;284,1999;0;0;1,174575;0;6,599998
5,637846;-2,14;1,7;-2,9;349,1;284,1999;0;3,192913;1,181302;109,3068;6,659998
5,653869;-2,14;1,7;-2,9;349,1;284,1999;0;0;1,177954;-91,71127;6,659998
5,664021;-2,14;1,7;-2,9;349,1;284,1999;0;0;1,175843;0;6,659998
5,67631;-2,14;1,7;-2,9;349,1;284,1999;0;0;1,173297;0;6,659998
5,686511;-2,14;1,7;-2,9;349,1;284,1999;0;0;1,171192;0;6,659998
5,696519;-2,14;1,7;-2,9;349,1;284,1999;0;0;1,169135;0;6,659998
5,707229;-2,14;1,7;-2,96;349,1;284,1999;0;5,60211;1,177454;270,3969;6,719998
5,718552;-2,14;1,7;-2,96;349,1;284,1999;0;0;1,175122;-254,263;6,719998
5,729055;-2,14;1,7;-2,96;349,1;284,1999;0;0;1,172968;0;6,719998
5,742272;-2,14;1,7;-3,03;349,1;284,1999;0;5,296216;1,182458;223,2736;6,789998
5,752656;-2,14;1,7;-3,03;349,1;284,1999;0;0;1,180324;-224,4149;6,789998
5,763752;-2,14;1,7;-3,09;349,1;284,1999;0;5,406884;1,188462;251,7161;6,849998
5,774072;-2,14;1,7;-3,09;349,1;284,1999;0;0;1,186337;-252,4615;6,849998
5,784461;-2,14;1,7;-3,09;349,1;284,1999;0;0;1,184207;0;6,849998
5,796501;-2,14;1,7;-3,15;349,1;284,1999;0;4,983346;1,192098;222,188;6,909998
5,813265;-2,14;1,7;-3,15;349,1;284,1999;0;0;1,18866;-173,007;6,909998
5,823787;-2,14;1,7;-3,15;349,1;284,1999;0;0;1,186513;0;6,909998
5,83573;-2,14;1,7;-3,27;349,1;284,1999;0;-1;1,204648;-1;7,029998
5,852724;-2,14;1,7;-3,27;349,1;284,1999;0;0;1,20115;-1;7,029998
5,866432;-2,14;1,7;-3,33;349,1;284,1999;0;4,376966;1,208571;142,5623;7,089998
5,878191;-2,14;1,7;-3,33;349,1;284,1999;0;0;1,206153;-171,8687;7,089998
5,891506;-2,14;1,7;-3,39;349,1;284,1999;0;4,506142;1,213611;179,7137;7,149998
5,902756;-2,14;1,7;-3,39;349,1;284,1999;0;0;1,211298;-183,4358;7,149998
5,915001;-2,14;1,7;-3,45;349,1;284,1999;0;4,900074;1,218934;208,5606;7,209998
5,925016;-2,14;1,7;-3,45;349,1;284,1999;0;0;1,216874;-220,1272;7,209998
5,935564;-2,14;1,7;-3,45;349,1;284,1999;0;0;1,214712;0;7,209998
5,949179;-2,14;1,7;-3,51;349,1;284,1999;0;4,406857;1,222017;182,3857;7,269998
5,966679;-2,14;1,7;-3,57;349,1;284,1999;0;3,42849;1,228489;-31,44307;7,329998
5,985119;-2,14;1,7;-3,57;349,1;284,1999;0;0;1,224704;-95,3931;7,329998
6,004303;-2,14;1,7;-3,57;349,1;284,1999;0;0;1,220791;0;7,329998
6,017819;-2,14;1,7;-3,64;349,1;284,1999;0;5,178714;1,229681;158,3701;7,399998
6,029325;-2,14;1,7;-3,64;349,1;284,1999;0;0;1,227334;-206,9622;7,399998
6,039675;-2,14;1,7;-3,64;349,1;284,1999;0;0;1,225231;0;7,399998
6,058851;-2,14;1,7;-3,7;349,1;284,1999;0;3,128907;1,231256;105,9704;7,459998
6,069522;-2,14;1,7;-3,7;349,1;284,1999;0;0;1,229092;-104,8327;7,459998
6,081903;-2,14;1,7;-3,76;349,1;284,1999;0;4,846287;1,236455;210,2396;7,519998
6,09241;-2,14;1,7;-3,76;349,1;284,1999;0;0;1,234322;-211,7375;7,519998
6,103592;-2,14;1,7;-3,76;349,1;284,1999;0;0;1,232061;0;7,519998
6,121177;-2,14;1,7;-3,76;349,1;284,1999;0;0;1,228521;0;7,519998
6,133319;-2,14;1,7;-3,76;349,1;284,1999;0;0;1,226089;0;7,519998
6,143957;-2,14;1,7;-3,76;349,1;284,1999;0;0;1,223967;0;7,519998
6,160837;-2,14;1,7;-3,76;349,1;284,1999;0;0;1,220613;0;7,519998
6,178644;-2,14;1,7;-3,76;349,1;284,1999;0;0;1,217095;0;7,519998
6,195167;-2,14;1,7;-3,76;349,1;284,1999;0;0;1,213849;0;7,519998
6,207062;-2,14;1,7;-3,82;349,1;284,1999;0;5,044055;1,221189;177,4917;7,579998
6,223851;-2,14;1,7;-3,82;349,1;284,1999;0;0;1,217895;-175,8482;7,579998
6,236792;-2,14;1,7;-3,82;349,1;284,1999;0;0;1,215368;0;7,579998
6,248796;-2,14;1,7;-3,82;349,1;284,1999;0;0;1,213033;0;7,579998
6,25937;-2,14;1,7;-3,82;349,1;284,1999;0;0;1,210984;0;7,579998
6,27597;-2,14;1,7;-3,82;349,1;284,1999;0;0;1,207781;0;7,579998
6,293273;-2,14;1,7;-3,82;349,1;284,1999;0;0;1,20446;0;7,579998
6,312035;-2,14;1,7;-3,82;349,1;284,1999;0;0;1,20088;0;7,579998
6,329638;-2,14;1,7;-3,82;349,1;284,1999;0;0;1,19754;0;7,579998
6,347282;-2,14;1,7;-3,82;349,1;284,1999;0;0;1,194212;0;7,579998
6,357315;-2,14;1,7;-3,82;349,1;284,1999;0;0;1,192327;0;7,579998
6,374947;-2,14;1,7;-3,82;349,1;284,1999;0;0;1,189029;0;7,579998
6,387639;-2,14;1,7;-3,7;349,1;284,1999;0;9,45514;1,205453;311,8089;7,699997
6,398982;-2,14;1,7;-3,57;349,1;284,1999;0;-1;1,223632;-1;7,829998
6,411781;-2,14;1,7;-3,39;349,1;284,1999;0;-1;1,249262;-1;8,009997
6,432909;-2,14;1,7;-3,03;349,1;284,1999;0;-1;1,301122;-1;8,369997
6,445208;-2,14;1,7;-2,9;349,1;284,1999;0;-1;1,318809;-1;8,499997
6,457318;-2,14;1,7;-2,72;349,1;284,1999;0;-1;1,344211;-1;8,679997
6,469623;-2,14;1,7;-2,54;349,1;284,1999;0;-1;1,369477;-1;8,859998
6,483847;-2,14;1,7;-2,42;349,1;284,1999;0;8,436124;1,38498;-1;8,979998
6,495932;-2,14;1,7;-2,29;349,1;284,1999;0;-1;1,402416;-1;9,109998
6,507588;-2,14;1,7;-2,11;349,1;284,1999;0;-1;1,427564;-1;9,289998
6,520117;-2,14;1,7;-1,99;349,1;284,1999;0;9,577485;1,443225;-1;9,409998
6,534562;-2,14;1,7;-1,93;349,1;284,1999;0;4,153877;1,449217;-201,07;9,469998
6,55116;-2,14;1,7;-1,81;349,1;284,1999;0;7,229482;1,463863;99,07545;9,589998
6,564624;-2,14;1,7;-1,68;349,1;284,1999;0;9,655396;1,480663;80,69521;9,719998
6,584733;-2,14;1,7;-1,62;349,1;284,1999;0;2,98378;1,485254;-198,7216;9,779999
6,598351;-2,14;1,7;-1,56;349,1;284,1999;0;4,405786;1,491282;42,16202;9,839999
6,609519;-2,14;1,7;-1,5;349,1;284,1999;0;5,372486;1,49784;39,00111;9,9
6,619693;-2,14;1,7;-1,5;349,1;284,1999;0;0;1,495538;-251,741;9,9
6,633787;-2,14;1,7;-1,44;349,1;284,1999;0;4,257164;1,501405;175,4288;9,959999
6,652884;-2,14;1,7;-1,32;349,1;284,1999;0;6,283759;1,515132;61,05906;10,08
6,665077;-2,14;1,7;-1,32;349,1;284,1999;0;0;1,51236;-200,8198;10,08
6,684162;-2,14;1,7;-1,26;349,1;284,1999;0;3,143845;1,517019;100,511;10,14
6,702341;-2,14;1,7;-1,26;349,1;284,1999;0;0;1,512904;-84,36819;10,14
6,712434;-2,14;1,7;-1,26;349,1;284,1999;0;0;1,510629;0;10,14
6,723074;-2,14;1,7;-1,26;349,1;284,1999;0;0;1,508238;0;10,14
6,742576;-2,14;1,7;-1,2;349,1;284,1999;0;3,076729;1,512775;102,0767;10,2
6,753209;-2,14;1,7;-1,2;349,1;284,1999;0;0;1,510393;-102,0993;10,2
6,770449;-2,14;1,7;-1,2;349,1;284,1999;0;0;1,506547;0;10,2
6,78131;-2,14;1,7;-1,13;349,1;284,1999;0;6,445131;1,514457;229,3601;10,27
6,797724;-2,14;1,7;-1,13;349,1;284,1999;0;0;1,5108;-236,2969;10,27
6,808049;-2,14;1,7;-1,13;349,1;284,1999;0;0;1,508508;0;10,27
6,824965;-2,14;1,7;-1,13;349,1;284,1999;0;0;1,50477;0;10,27
6,835883;-2,14;1,7;-1,13;349,1;284,1999;0;0;1,502366;0;10,27
6,846339;-2,14;1,7;-1,13;349,1;284,1999;0;0;1,500072;0;10,27
6,863081;-2,14;1,7;-1,13;349,1;284,1999;0;0;1,496412;0;10,27
6,874901;-2,14;1,7;-1,13;349,1;284,1999;0;0;1,49384;0;10,27
6,892059;-2,14;1,7;-1,13;349,1;284,1999;0;0;1,490121;0;10,27
6,904413;-2,14;1,7;-1,13;349,1;284,1999;0;0;1,487454;0;10,27
6,914591;-2,14;1,7;-1,13;349,1;284,1999;0;0;1,485265;0;10,27
6,926487;-2,14;1,7;-1,13;349,1;284,1999;0;0;1,482714;0;10,27
6,93713;-2,14;1,7;-1,13;349,1;284,1999;0;0;1,480439;0;10,27
6,953893;-2,14;1,7;-1,13;349,1;284,1999;0;0;1,47687;0;10,27
6,964706;-2,14;1,7;-1,13;349,1;284,1999;0;0;1,474577;0;10,27
6,975039;-2,14;1,7;-1,13;349,1;284,1999;0;0;1,472393;0;10,27
6,986273;-2,14;1,7;-1,13;349,1;284,1999;0;0;1,470025;0;10,27
6,998098;-2,14;1,7;-1,13;349,1;284,1999;0;0;1,467541;0;10,27
7,00883;-2,14;1,7;-1,13;349,1;284,1999;0;0;1,465294;0;10,27
7,026709;-2,14;1,7;-1,13;349,1;284,1999;0;0;1,461566;0;10,27
7,038237;-2,14;1,7;-1,13;349,1;284,1999;0;0;1,459172;0;10,27
7,05049;-2,14;1,7;-1,13;349,1;284,1999;0;0;1,456636;0;10,27
7,068337;-2,14;1,7;-1,13;349,1;284,1999;0;0;1,452958;0;10,27
7,086191;-2,14;1,7;-1,13;349,1;284,1999;0;0;1,449297;0;10,27
7,104002;-2,14;1,7;-1,13;349,1;284,1999;0;0;1,445664;0;10,27
7,114725;-2,14;1,7;-1,13;349,1;284,1999;0;0;1,443485;0;10,27
7,126913;-2,14;1,7;-1,13;349,1;284,1999;0;0;1,441016;0;10,27
7,138467;-2,14;1,7;-1,13;349,1;284,1999;0;0;1,438684;0;10,27
7,159165;-2,14;1,7;-1,13;349,1;284,1999;0;0;1,434525;0;10,27
7,172066;-2,14;1,7;-1,13;349,1;284,1999;0;0;1,431944;0;10,27
7,185297;-2,14;1,7;-1,13;349,1;284,1999;0;0;1,429307;0;10,27
7,19708;-2,14;1,7;-1,13;349,1;284,1999;0;0;1,426968;0;10,27
7,210989;-2,14;1,7;-1,2;349,1;284,1999;0;5,032593;1,433922;195,8855;10,34
7,222751;-2,14;1,7;-1,32;349,1;284,1999;0;-1;1,448201;-1;10,46
7,235055;-2,14;1,7;-1,38;349,1;284,1999;0;4,876148;1,454031;-1;10,52
7,247322;-2,14;1,7;-1,5;349,1;284,1999;0;9,783014;1,468128;199,702;10,64
7,257852;-2,14;1,7;-1,62;349,1;284,1999;0;-1;1,482532;-1;10,76
7,270579;-2,14;1,7;-1,74;349,1;284,1999;0;9,428581;1,496442;-1;10,88
7,285009;-2,14;1,7;-1,87;349,1;284,1999;0;9,00898;1,511323;-15,45078;11,01
7,299706;-2,14;1,7;-1,93;349,1;284,1999;0;4,082309;1,516499;-169,141;11,07
7,313303;-2,14;1,7;-2,05;349,1;284,1999;0;8,826088;1,530088;167,6626;11,19
7,326008;-2,14;1,7;-2,17;349,1;284,1999;0;9,444868;1,543815;23,52652;11,31
7,338909;-2,14;1,7;-2,29;349,1;284,1999;0;9,301719;1,557452;-5,590428;11,43
7,356037;-2,14;1,7;-2,36;349,1;284,1999;0;4,086874;1,563341;-173,6613;11,5
7,366782;-2,14;1,7;-2,36;349,1;284,1999;0;0;1,561061;-146,6246;11,5
7,379187;-2,14;1,7;-2,42;349,1;284,1999;0;4,836806;1,566568;208,9336;11,56
7,393453;-2,14;1,7;-2,42;349,1;284,1999;0;0;1,563545;-181,3512;11,56
7,405199;-2,14;1,7;-2,42;349,1;284,1999;0;0;1,561065;0;11,56
7,417786;-2,14;1,7;-2,48;349,1;284,1999;0;4,766792;1,566505;195,8982;11,62
7,429212;-2,14;1,7;-2,48;349,1;284,1999;0;0;1,564096;-198,5085;11,62
7,439833;-2,14;1,7;-2,48;349,1;284,1999;0;0;1,561863;0;11,62
7,452063;-2,14;1,7;-2,54;349,1;284,1999;0;4,905997;1,567351;214,6907;11,68
7,463433;-2,14;1,7;-2,54;349,1;284,1999;0;0;1,564963;-207,8803;11,68
7,474225;-2,14;1,7;-2,54;349,1;284,1999;0;0;1,562703;0;11,68
7,485169;-2,14;1,7;-2,54;349,1;284,1999;0;0;1,560418;0;11,68
7,496802;-2,14;1,7;-2,6;349,1;284,1999;0;5,157983;1,566001;228,459;11,74
7,515742;-2,14;1,7;-2,6;349,1;284,1999;0;0;1,562054;-168,7136;11,74
7,529662;-2,14;1,7;-2,6;349,1;284,1999;0;0;1,559166;0;11,74
7,548014;-2,14;1,7;-2,66;349,1;284,1999;0;3,269318;1,563325;101,304;11,8
7,558125;-2,14;1,7;-2,66;349,1;284,1999;0;0;1,561233;-114,8586;11,8
7,569402;-2,14;1,7;-2,66;349,1;284,1999;0;0;1,558907;0;11,8
7,581425;-2,14;1,7;-2,72;349,1;284,1999;0;4,990244;1,564349;214,1764;11,86
7,593831;-2,14;1,7;-2,78;349,1;284,1999;0;4,836415;1,569695;-6,296904;11,92
7,607431;-2,14;1,7;-2,78;349,1;284,1999;0;0;1,566888;-185,9715;11,92
7,617884;-2,14;1,7;-2,78;349,1;284,1999;0;0;1,564738;0;11,92
7,635494;-2,14;1,7;-2,78;349,1;284,1999;0;0;1,56113;0;11,92
7,647056;-2,14;1,7;-2,78;349,1;284,1999;0;0;1,558769;0;11,92
7,663167;-2,14;1,7;-2,78;349,1;284,1999;0;0;1,555492;0;11,92
7,68027;-2,14;1,7;-2,78;349,1;284,1999;0;0;1,552028;0;11,92
7,69718;-2,14;1,7;-2,78;349,1;284,1999;0;0;1,548619;0;11,92
7,713814;-2,14;1,7;-2,78;349,1;284,1999;0;0;1,545279;0;11,92
7,730871;-2,14;1,7;-2,78;349,1;284,1999;0;0;1,54187;0;11,92
7,743112;-2,14;1,7;-2,72;349,1;284,1999;0;4,901792;1,547181;167,3091;11,98
7,756456;-2,14;1,7;-2,6;349,1;284,1999;0;8,9923;1,55999;159,8781;12,1
7,771563;-2,14;1,7;-2,48;349,1;284,1999;0;7,94375;1,572399;-36,85464;12,22
7,784567;-2,14;1,7;-2,42;349,1;284,1999;0;4,613853;1,577479;-118,4574;12,27999
7,79683;-2,14;1,7;-2,29;349,1;284,1999;0;-1;1,591672;-1;12,41
7,811255;-2,14;1,7;-2,23;349,1;284,1999;0;4,159499;1,596414;-1;12,47
7,829545;-2,14;1,7;-2,11;349,1;284,1999;0;6,560954;1,608011;73,40567;12,59
7,843047;-2,14;1,7;-1,99;349,1;284,1999;0;8,887485;1,620543;73,17938;12,71
7,855683;-2,14;1,7;-1,93;349,1;284,1999;0;4,748273;1,625574;-158,358;12,77
7,869037;-2,14;1,7;-1,87;349,1;284,1999;0;4,493091;1,63044;-9,818494;12,83
7,881624;-2,14;1,7;-1,74;349,1;284,1999;0;-1;1,644331;-1;12,96
7,895569;-2,14;1,7;-1,62;349,1;284,1999;0;8,605172;1,656625;-1;13,08
7,907073;-2,14;1,7;-1,56;349,1;284,1999;0;5,215504;1,661803;-133,1931;13,14
7,918557;-2,14;1,7;-1,5;349,1;284,1999;0;5,224589;1,66697;0,3951877;13,2
7,930335;-2,14;1,7;-1,38;349,1;284,1999;0;-1;1,679626;-1;13,32
7,941064;-2,14;1,7;-1,32;349,1;284,1999;0;5,592152;1,684912;-1;13,38
7,954424;-2,14;1,7;-1,26;349,1;284,1999;0;4,491014;1,689626;-45,71056;13,44
7,968832;-2,14;1,7;-1,2;349,1;284,1999;0;4,164179;1,6941;-11,76995;13,5
7,989584;-2,14;1,7;-1,07;349,1;284,1999;0;6,264471;1,705971;59,73433;13,63
8,004146;-2,14;1,7;-1,07;349,1;284,1999;0;0;1,702867;-177,3978;13,63
8,017406;-2,14;1,7;-1,01;349,1;284,1999;0;4,524604;1,707535;162,6268;13,69
8,03428;-2,14;1,7;-1,01;349,1;284,1999;0;0;1,703948;-150,1485;13,69
8,051429;-2,14;1,7;-1,01;349,1;284,1999;0;0;1,700319;0;13,69
8,061736;-2,14;1,7;-1,01;349,1;284,1999;0;0;1,698145;0;13,69
8,079733;-2,14;1,7;-1,01;349,1;284,1999;0;0;1,694363;0;13,69
8,089942;-2,14;1,7;-1,01;349,1;284,1999;0;0;1,692225;0;13,69
8,101401;-2,14;1,7;-1,01;349,1;284,1999;0;0;1,689831;0;13,69
8,112083;-2,14;1,7;-1,01;349,1;284,1999;0;0;1,687606;0;13,69
8,123996;-2,14;1,7;-1,13;349,1;284,1999;0;-1;1,699902;-1;13,81
8,141814;-2,14;1,7;-1,26;349,1;284,1999;0;7,295808;1,712149;-1;13,94
8,155905;-2,14;1,7;-1,44;349,1;284,1999;0;-1;1,731261;-1;14,12
8,167755;-2,14;1,7;-1,62;349,1;284,1999;0;-1;1,750787;-1;14,3
8,177889;-2,14;1,7;-1,68;349,1;284,1999;0;5,920807;1,755954;-1;14,36
8,189255;-2,14;1,7;-1,74;349,1;284,1999;0;5,278958;1,760844;-29,85395;14,42
8,199825;-2,14;1,7;-1,87;349,1;284,1999;0;-1;1,774428;-1;14,55
8,210871;-2,14;1,7;-1,93;349,1;284,1999;0;5,432093;1,779348;-1;14,61
8,225368;-2,14;1,7;-1,99;349,1;284,1999;0;4,138576;1,783507;-50,64035;14,67
8,239143;-2,14;1,7;-2,11;349,1;284,1999;0;8,711507;1,795089;161,7441;14,79
8,250856;-2,14;1,7;-2,17;349,1;284,1999;0;5,122517;1,799813;-140,8115;14,85
8,272818;-2,14;1,7;-2,29;349,1;284,1999;0;5,464174;1,809541;10,14596;14,97
8,297259;-2,14;1,7;-2,42;349,1;284,1999;0;5,318779;1,819878;-3,133311;15,1
8,308162;-2,14;1,7;-2,42;349,1;284,1999;0;0;1,81749;-150,4855;15,1
8,320922;-2,14;1,7;-2,48;349,1;284,1999;0;4,70213;1,821913;198,716;15,16
8,335827;-2,14;1,7;-2,54;349,1;284,1999;0;4,025497;1,825854;-24,45794;15,22
8,348557;-2,14;1,7;-2,6;349,1;284,1999;0;4,71305;1,830256;24,87925;15,28
8,361901;-2,14;1,7;-2,66;349,1;284,1999;0;4,49648;1,834511;-8,305841;15,34
8,373241;-2,14;1,7;-2,66;349,1;284,1999;0;0;1,832026;-182,1621;15,34
8,384792;-2,14;1,7;-2,66;349,1;284,1999;0;0;1,829503;0;15,34
8,395232;-2,14;1,7;-2,66;349,1;284,1999;0;0;1,827227;0;15,34
8,406488;-2,14;1,7;-2,66;349,1;284,1999;0;0;1,824781;0;15,34
8,416603;-2,14;1,7;-2,66;349,1;284,1999;0;0;1,822588;0;15,34
8,429378;-2,14;1,7;-2,66;349,1;284,1999;0;0;1,819826;0;15,34
8,439495;-2,14;1,7;-2,66;349,1;284,1999;0;0;1,817644;0;15,34
8,460611;-2,14;1,7;-2,66;349,1;284,1999;0;0;1,813108;0;15,34
8,471984;-2,14;1,7;-2,66;349,1;284,1999;0;0;1,810674;0;15,34
8,483278;-2,14;1,7;-2,66;349,1;284,1999;0;0;1,808263;0;15,34
8,500136;-2,14;1,7;-2,66;349,1;284,1999;0;0;1,804677;0;15,34
8,517735;-2,14;1,7;-2,66;349,1;284,1999;0;0;1,800948;0;15,34
8,528972;-2,14;1,7;-2,66;349,1;284,1999;0;0;1,798576;0;15,34
8,540846;-2,14;1,7;-2,66;349,1;284,1999;0;0;1,796075;0;15,34
8,551283;-2,14;1,7;-2,66;349,1;284,1999;0;0;1,793883;0;15,34
8,563305;-2,14;1,7;-2,6;349,1;284,1999;0;4,990858;1,798371;222,2205;15,4
8,573757;-2,14;1,7;-2,6;349,1;284,1999;0;0;1,796179;-222,0697;15,4
8,587435;-2,14;1,7;-2,54;349,1;284,1999;0;4,386731;1,800305;181,7967;15,46
8,598569;-2,14;1,7;-2,54;349,1;284,1999;0;0;1,797974;-176,8006;15,46
8,618356;-2,14;1,7;-2,48;349,1;284,1999;0;3,032316;1,800807;98,06663;15,52
8,63071;-2,14;1,7;-2,36;349,1;284,1999;0;9,713544;1,812134;207,8742;15,64
8,642184;-2,14;1,7;-2,29;349,1;284,1999;0;6,10042;1,817827;-151,6303;15,71
8,653402;-2,14;1,7;-2,17;349,1;284,1999;0;-1;1,829338;-1;15,83
8,665813;-2,14;1,7;-2,11;349,1;284,1999;0;4,83439;1,833642;-1;15,89
8,677375;-2,14;1,7;-2,05;349,1;284,1999;0;5,189681;1,838113;14,82076;15,95
8,690829;-2,14;1,7;-1,99;349,1;284,1999;0;4,459491;1,842172;-29,18909;16,01
8,703707;-2,14;1,7;-1,99;349,1;284,1999;0;0;1,839446;-169,357;16,01
8,716517;-2,14;1,7;-1,93;349,1;284,1999;0;4,683587;1,843626;182,3247;16,07
8,728004;-2,14;1,7;-1,87;349,1;284,1999;0;5,223722;1,848074;22,23072;16,13
8,74108;-2,14;1,7;-1,81;349,1;284,1999;0;4,588289;1,852173;-25,86966;16,19
8,755028;-2,14;1,7;-1,75;349,1;284,1999;0;4,301846;1,856076;-10,59948;16,25
8,77519;-2,14;1,7;-1,56;349,1;284,1999;0;9,423399;1,873463;150,1478;16,44
8,789796;-2,14;1,7;-1,5;349,1;284,1999;0;4,108031;1,877176;-152,8806;16,5
8,807171;-2,14;1,7;-1,5;349,1;284,1999;0;0;1,873473;-128,4542;16,5
8,818212;-2,14;1,7;-1,5;349,1;284,1999;0;0;1,871127;0;16,5
8,83049;-2,14;1,7;-1,44;349,1;284,1999;0;4,886563;1,87532;209,5507;16,56
8,842079;-2,14;1,7;-1,38;349,1;284,1999;0;5,177306;1,879648;12,18148;16,62
8,85364;-2,14;1,7;-1,32;349,1;284,1999;0;5,190109;1,88397;0,5530403;16,67999
8,864108;-2,14;1,7;-1,32;349,1;284,1999;0;0;1,881745;-235,6043;16,67999
8,87537;-2,14;1,7;-1,26;349,1;284,1999;0;5,327684;1,886118;245,1717;16,73999
8,886321;-2,14;1,7;-1,2;349,1;284,1999;0;5,478925;1,890545;6,808668;16,79999
8,897838;-2,14;1,7;-1,14;349,1;284,1999;0;5,209889;1,894842;-11,97438;16,85999
8,911613;-2,14;1,7;-1,07;349,1;284,1999;0;5,08136;1,899767;-5,081728;16,92999
8,930099;-2,14;1,7;-1,07;349,1;284,1999;0;0;1,895835;-157,5037;16,92999
8,943868;-2,14;1,7;-1,01;349,1;284,1999;0;4,357874;1,899625;135,1102;16,98999
8,956791;-2,14;1,7;-0,95;349,1;284,1999;0;4,642798;1,903583;10,67475;17,04999
8,969605;-2,14;1,7;-0,95;349,1;284,1999;0;0;1,900863;-180,3886;17,04999
8,980614;-2,14;1,7;-0,95;349,1;284,1999;0;0;1,898533;0;17,04999
8,999494;-2,14;1,7;-0,89;349,1;284,1999;0;3,177985;1,901217;106,3292;17,10999
9,009688;-2,14;1,7;-0,89;349,1;284,1999;0;0;1,899066;-109,3042;17,10999
9,02669;-2,14;1,7;-0,89;349,1;284,1999;0;0;1,895489;0;17,10999
9,038878;-2,14;1,7;-0,83;349,1;284,1999;0;4,922507;1,899571;168,6364;17,16999
9,057056;-2,14;1,7;-0,77;349,1;284,1999;0;3,300696;1,902383;-53,4072;17,22999
9,067492;-2,14;1,7;-0,77;349,1;284,1999;0;0;1,900194;-115,3561;17,22999
9,084659;-2,14;1,7;-0,71;349,1;284,1999;0;3,495059;1,903207;126,6225;17,28999
9,096449;-2,14;1,7;-0,71;349,1;284,1999;0;0;1,900741;-120,6967;17,28999
9,107864;-2,14;1,7;-0,65;349,1;284,1999;0;5,25602;1,904946;226,4964;17,34999
9,118518;-2,14;1,7;-0,65;349,1;284,1999;0;0;1,90272;-238,1633;17,34999
9,135993;-2,14;1,7;-0,65;349,1;284,1999;0;0;1,899081;0;17,34999
9,146808;-2,14;1,7;-0,65;349,1;284,1999;0;0;1,896835;0;17,34999
9,165304;-2,14;1,7;-0,59;349,1;284,1999;0;3,243855;1,899554;110,6695;17,40999
9,17615;-2,14;1,7;-0,59;349,1;284,1999;0;0;1,897309;-110,5508;17,40999
9,192719;-2,14;1,7;-0,59;349,1;284,1999;0;0;1,893889;0;17,40999
9,206446;-2,14;1,7;-0,53;349,1;284,1999;0;4,371192;1,897582;144,2858;17,46999
9,218281;-2,14;1,7;-0,53;349,1;284,1999;0;0;1,895146;-171,008;17,46999
9,237737;-2,14;1,7;-0,53;349,1;284,1999;0;0;1,891155;0;17,46999
9,252105;-2,14;1,7;-0,53;349,1;284,1999;0;0;1,888218;0;17,46999
9,269055;-2,14;1,7;-0,53;349,1;284,1999;0;0;1,884765;0;17,46999
9,288606;-2,14;1,7;-0,46;349,1;284,1999;0;3,580502;1,888334;98,09343;17,53999
9,300881;-2,14;1,7;-0,34;349,1;284,1999;0;9,775414;1,898744;194,6493;17,65999
9,314392;-2,14;1,7;-0,22;349,1;284,1999;0;8,881846;1,908873;-34,65265;17,77999
9,328197;-2,14;1,7;-0,1;349,1;284,1999;0;8,692858;1,918912;-6,918826;17,89999
9,34094;-2,14;1,7;-0,04;349,1;284,1999;0;4,708117;1,922717;-150,0935;17,95999
9,352372;-2,14;1,7;-0,04;349,1;284,1999;0;0;1,920367;-194,7463;17,95999
9,363379;-2,14;1,7;0,02;349,1;284,1999;0;5,450923;1,924518;242,9218;18,01999
9,383278;-2,14;1,7;0,02;349,1;284,1999;0;0;1,920437;-176,3726;18,01999
9,400317;-2,14;1,7;0,08;349,1;284,1999;0;3,521271;1,923338;95,32998;18,07999
9,41073;-2,14;1,7;0,15;349,1;284,1999;0;6,722257;1,928648;116,601;18,14999
9,427729;-2,14;1,7;0,15;349,1;284,1999;0;0;1,925171;-245,2353;18,14999
9,439902;-2,14;1,7;0,21;349,1;284,1999;0;4,928676;1,929044;168,9526;18,20999
9,452398;-2,14;1,7;0,21;349,1;284,1999;0;0;1,926494;-199,787;18,20999
9,46642;-2,14;1,7;0,27;349,1;284,1999;0;4,27903;1,929978;161,364;18,26999
9,476492;-2,14;1,7;0,27;349,1;284,1999;0;0;1,927927;-177,6001;18,26999
9,489014;-2,14;1,7;0,33;349,1;284,1999;0;4,791665;1,931706;212,0816;18,32999
9,50237;-2,14;1,7;0,39;349,1;284,1999;0;4,49229;1,935305;-11,56871;18,38999
9,514834;-2,14;1,7;0,39;349,1;284,1999;0;0;1,93277;-173,98;18,38999
9,526811;-2,14;1,7;0,45;349,1;284,1999;0;5,009919;1,936638;204,9821;18,44999
9,539067;-2,14;1,7;0,45;349,1;284,1999;0;0;1,93415;-206,7407;18,44999
9,556426;-2,14;1,7;0,51;349,1;284,1999;0;3,456464;1,936915;116,7117;18,50998
9,567515;-2,14;1,7;0,57;349,1;284,1999;0;5,410609;1,940941;68,69157;18,56998
9,578706;-2,14;1,7;0,63;349,1;284,1999;0;5,361732;1,944937;-2,193798;18,62998
9,591899;-2,14;1,7;0,63;349,1;284,1999;0;0;1,942262;-219,8914;18,62998
9,607504;-2,14;1,7;0,69;349,1;284,1999;0;3,844928;1,945353;133,5132;18,68998
9,620687;-2,14;1,7;0,69;349,1;284,1999;0;0;1,942687;-133,5575;18,68998
9,632289;-2,14;1,7;0,76;349,1;284,1999;0;6,033729;1,947614;243,4424;18,75998
9,650446;-2,14;1,7;0,82;349,1;284,1999;0;3,30451;1,950167;-91,7124;18,81998
9,662134;-2,14;1,7;0,88;349,1;284,1999;0;5,133368;1,954018;61,27807;18,87998
9,676054;-2,14;1,7;0,88;349,1;284,1999;0;0;1,951207;-200,4591;18,87998
9,689504;-2,14;1,7;0,94;349,1;284,1999;0;4,461077;1,954691;162,9945;18,93998
9,711127;-2,14;1,7;1;349,1;284,1999;0;2,774745;1,956517;-48,08025;18,99998
9,722464;-2,14;1,7;1;349,1;284,1999;0;0;1,954235;-84,18537;18,99998
9,734224;-2,14;1,7;1,06;349,1;284,1999;0;5,101727;1,958038;220,8823;19,05998
9,744732;-2,14;1,7;1,06;349,1;284,1999;0;0;1,955927;-229,1027;19,05998
9,756888;-2,14;1,7;1,12;349,1;284,1999;0;4,935642;1,959639;217,7738;19,11998
9,767847;-2,14;1,7;1,18;349,1;284,1999;0;5,475111;1,963583;23,33833;19,17998
9,784815;-2,14;1,7;1,18;349,1;284,1999;0;0;1,960178;-196,0547;19,17998
9,796595;-2,14;1,7;1,24;349,1;284,1999;0;5,093477;1,963946;177,1795;19,23998
9,813985;-2,14;1,7;1,24;349,1;284,1999;0;0;1,960466;-174,6133;19,23998
9,826475;-2,14;1,7;1,24;349,1;284,1999;0;0;1,957974;0;19,23998
9,83725;-2,14;1,7;1,24;349,1;284,1999;0;0;1,955829;0;19,23998
9,848241;-2,14;1,7;1,24;349,1;284,1999;0;0;1,953646;0;19,23998
9,863986;-2,14;1,7;1,24;349,1;284,1999;0;0;1,950528;0;19,23998
9,88138;-2,14;1,7;1,24;349,1;284,1999;0;0;1,947094;0;19,23998
9,892188;-2,14;1,7;1,24;349,1;284,1999;0;0;1,944967;0;19,23998
9,903446;-2,14;1,7;1,24;349,1;284,1999;0;0;1,942756;0;19,23998
9,913638;-2,14;1,7;1,24;349,1;284,1999;0;0;1,940759;0;19,23998
9,930119;-2,14;1,7;1,24;349,1;284,1999;0;0;1,937538;0;19,23998
9,94334;-2,14;1,7;1,24;349,1;284,1999;0;0;1,934961;0;19,23998
9,953713;-2,14;1,7;1,24;349,1;284,1999;0;0;1,932945;0;19,23998
9,964891;-2,14;1,7;1,24;349,1;284,1999;0;0;1,930777;0;19,23998
9,976564;-2,14;1,7;1,12;349,1;284,1999;0;-1;1,940546;-1;19,35998
9,98757;-2,14;1,7;1,06;349,1;284,1999;0;5,451874;1,944415;-1;19,41998
9,999572;-2,14;1,7;0,94;349,1;284,1999;0;9,998336;1,954082;197,6087;19,53998
10,01812;-2,14;1,7;0,76;349,1;284,1999;0;9,705543;1,968432;-9,584665;19,71998
10,03019;-2,14;1,7;0,69;349,1;284,1999;0;5,797355;1,973041;-127,6327;19,78998
10,04398;-2,14;1,7;0,63;349,1;284,1999;0;4,352142;1,976306;-55,88435;19,84998
10,05595;-2,14;1,7;0,57;349,1;284,1999;0;5,012314;1,97992;25,63094;19,90998
10,06836;-2,14;1,7;0,51;349,1;284,1999;0;4,835862;1,98344;-7,238225;19,96998
10,07895;-2,14;1,7;0,51;349,1;284,1999;0;0;1,981354;-210,2222;19,96998
10,09287;-2,14;1,7;0,45;349,1;284,1999;0;4,311579;1,984567;175,8946;20,02998
10,10402;-2,14;1,7;0,45;349,1;284,1999;0;0;1,982376;-171,9803;20,02998
10,11579;-2,14;1,7;0,39;349,1;284,1999;0;5,098838;1,986002;222,4472;20,08998
10,12652;-2,14;1,7;0,33;349,1;284,1999;0;5,589918;1,989822;21,82483;20,14998
10,13669;-2,14;1,7;0,33;349,1;284,1999;0;0;1,987827;-267,4997;20,14998
10,15339;-2,14;1,7;0,33;349,1;284,1999;0;0;1,984556;0;20,14998
10,16946;-2,14;1,7;0,33;349,1;284,1999;0;0;1,981421;0;20,14998
10,18291;-2,14;1,7;0,33;349,1;284,1999;0;0;1,978804;0;20,14998
10,20053;-2,14;1,7;0,33;349,1;284,1999;0;0;1,975385;0;20,14998
10,21075;-2,14;1,7;0,33;349,1;284,1999;0;0;1,973408;0;20,14998
10,22155;-2,14;1,7;0,33;349,1;284,1999;0;0;1,971323;0;20,14998
10,23841;-2,14;1,7;0,33;349,1;284,1999;0;0;1,968078;0;20,14998
10,24987;-2,14;1,7;0,33;349,1;284,1999;0;0;1,965877;0;20,14998
10,26046;-2,14;1,7;0,33;349,1;284,1999;0;0;1,963847;0;20,14998
10,2717;-2,14;1,7;0,33;349,1;284,1999;0;0;1,961698;0;20,14998
10,28358;-2,14;1,7;0,33;349,1;284,1999;0;0;1,959432;0;20,14998
10,2937;-2,14;1,7;0,33;349,1;284,1999;0;0;1,957507;0;20,14998
10,30692;-2,14;1,7;0,33;349,1;284,1999;0;0;1,954995;0;20,14998
10,31826;-2,14;1,7;0,33;349,1;284,1999;0;0;1,952847;0;20,14998
10,33609;-2,14;1,7;0,33;349,1;284,1999;0;0;1,949477;0;20,14998
10,35379;-2,14;1,7;0,33;349,1;284,1999;0;0;1,946145;0;20,14998
10,36384;-2,14;1,7;0,33;349,1;284,1999;0;0;1,944257;0;20,14998
10,38069;-2,14;1,7;0,33;349,1;284,1999;0;0;1,941102;0;20,14998
10,39267;-2,14;1,7;0,33;349,1;284,1999;0;0;1,938864;0;20,14998
10,40637;-2,14;1,7;0,27;349,1;284,1999;0;4,381237;1,942078;170,6433;20,20998
10,42647;-2,14;1,7;0,21;349,1;284,1999;0;2,984138;1,944088;-41,33298;20,26998
10,44103;-2,14;1,7;0,21;349,1;284,1999;0;0;1,941377;-86,08477;20,26998
10,4562;-2,14;1,7;0,08;349,1;284,1999;0;8,568413;1,950993;288,1999;20,39997
10,46825;-2,14;1,7;0,08;349,1;284,1999;0;0;1,948748;-314,8415;20,39997
10,49839;-2,14;1,7;0,02;349,1;284,1999;0;1,990526;1,948868;47,18476;20,45997
10,51291;-2,14;1,7;-0,04;349,1;284,1999;0;4,131505;1,951883;47,93379;20,51997
10,52305;-2,14;1,7;-0,04;349,1;284,1999;0;0;1,950002;-167,525;20,51997
10,53392;-2,14;1,7;-0,04;349,1;284,1999;0;0;1,94799;0;20,51997
10,5516;-2,14;1,7;-0,04;349,1;284,1999;0;0;1,944726;0;20,51997
10,56245;-2,14;1,7;-0,1;349,1;284,1999;0;5,53387;1,94841;193,9918;20,57997
10,58001;-2,14;1,7;-0,1;349,1;284,1999;0;0;1,945175;-194,7993;20,57997
10,59282;-2,14;1,7;-0,16;349,1;284,1999;0;4,685326;1,948487;154,2663;20,63997
10,61024;-2,14;1,7;-0,16;349,1;284,1999;0;0;1,945288;-155,0061;20,63997
10,62039;-2,14;1,7;-0,16;349,1;284,1999;0;0;1,943429;0;20,63997
10,63737;-2,14;1,7;-0,22;349,1;284,1999;0;3,533335;1,945967;130,232;20,69997
10,65409;-2,14;1,7;-0,22;349,1;284,1999;0;0;1,942913;-104,8408;20,69997
10,6644;-2,14;1,7;-0,22;349,1;284,1999;0;0;1,941035;0;20,69997
10,67495;-2,14;1,7;-0,22;349,1;284,1999;0;0;1,939116;0;20,69997
10,68623;-2,14;1,7;-0,22;349,1;284,1999;0;0;1,937069;0;20,69997
10,6963;-2,14;1,7;-0,22;349,1;284,1999;0;0;1,935245;0;20,69997
10,70921;-2,14;1,7;-0,28;349,1;284,1999;0;4,647943;1,938515;202,2543;20,75997
10,72038;-2,14;1,7;-0,28;349,1;284,1999;0;0;1,936496;-193,0493;20,75997
10,73079;-2,14;1,7;-0,28;349,1;284,1999;0;0;1,934616;0;20,75997
10,74981;-2,14;1,7;-0,34;349,1;284,1999;0;3,155352;1,936776;107,2175;20,81997
10,76071;-2,14;1,7;-0,34;349,1;284,1999;0;0;1,934813;-105,4643;20,81997
10,77344;-2,14;1,7;-0,4;349,1;284,1999;0;4,715527;1,938097;199,5798;20,87997
10,78931;-2,14;1,7;-0,4;349,1;284,1999;0;0;1,935246;-164,9076;20,87997
10,80181;-2,14;1,7;-0,47;349,1;284,1999;0;5,597522;1,939486;197,2585;20,94997
10,81305;-2,14;1,7;-0,47;349,1;284,1999;0;0;1,93747;-235,7389;20,94997
10,82491;-2,14;1,7;-0,53;349,1;284,1999;0;5,059879;1,940891;219,0705;21,00997
10,83555;-2,14;1,7;-0,53;349,1;284,1999;0;0;1,938986;-224,9403;21,00997
10,85417;-2,14;1,7;-0,59;349,1;284,1999;0;3,221597;1,941186;110,1;21,06997
10,86623;-2,14;1,7;-0,65;349,1;284,1999;0;4,974663;1,944553;57,13025;21,12997
10,8789;-2,14;1,7;-0,65;349,1;284,1999;0;0;1,942289;-201,1535;21,12997
10,89058;-2,14;1,7;-0,65;349,1;284,1999;0;0;1,940205;0;21,12997
10,90279;-2,14;1,7;-0,65;349,1;284,1999;0;0;1,938033;0;21,12997
10,91291;-2,14;1,7;-0,65;349,1;284,1999;0;0;1,936235;0;21,12997
10,92504;-2,14;1,7;-0,71;349,1;284,1999;0;4,949615;1,939579;222,5292;21,18997
10,94069;-2,14;1,7;-0,71;349,1;284,1999;0;0;1,936804;-178,2113;21,18997
10,95153;-2,14;1,7;-0,71;349,1;284,1999;0;0;1,934886;0;21,18997
10,96241;-2,14;1,7;-0,77;349,1;284,1999;0;5,514951;1,938439;253,8563;21,24997
10,97345;-2,14;1,7;-0,77;349,1;284,1999;0;0;1,936489;-251,614;21,24997
10,98678;-2,14;1,7;-0,77;349,1;284,1999;0;0;1,934139;0;21,24997
10,99874;-2,14;1,7;-0,83;349,1;284,1999;0;5,015511;1,937491;198,2862;21,30997
11,00966;-2,14;1,7;-0,89;349,1;284,1999;0;5,495682;1,941019;20,986;21,36997
11,02674;-2,14;1,7;-0,89;349,1;284,1999;0;0;1,938014;-196,3354;21,36997
11,03768;-2,14;1,7;-0,89;349,1;284,1999;0;0;1,936091;0;21,36997
11,04817;-2,14;1,7;-0,95;349,1;284,1999;0;5,723148;1,939685;267,0385;21,42997
11,06377;-2,14;1,7;-0,95;349,1;284,1999;0;0;1,936949;-219,3806;21,42997
11,07393;-2,14;1,7;-0,95;349,1;284,1999;0;0;1,935172;0;21,42997
11,09686;-2,14;1,7;-0,95;349,1;284,1999;0;0;1,931174;0;21,42997
11,10776;-2,14;1,7;-1,01;349,1;284,1999;0;5,505781;1,934681;162,7821;21,48997
11,12511;-2,14;1,7;-1,01;349,1;284,1999;0;0;1,931663;-194,8572;21,48997
11,13777;-2,14;1,7;-1,08;349,1;284,1999;0;5,529219;1,935752;184,1977;21,55997
11,14984;-2,14;1,7;-1,14;349,1;284,1999;0;4,973478;1,939039;-22,47776;21,61996
11,1616;-2,14;1,7;-1,14;349,1;284,1999;0;0;1,936996;-208,7615;21,61996
11,17191;-2,14;1,7;-1,14;349,1;284,1999;0;0;1,935207;0;21,61996
11,18396;-2,14;1,7;-1,2;349,1;284,1999;0;4,981758;1,938488;222,7993;21,67996
11,20177;-2,14;1,7;-1,2;349,1;284,1999;0;0;1,935405;-166,8557;21,67996
11,21259;-2,14;1,7;-1,2;349,1;284,1999;0;0;1,933538;0;21,67996
11,22491;-2,14;1,7;-1,26;349,1;284,1999;0;4,868036;1,93676;210,3476;21,73996
11,23556;-2,14;1,7;-1,26;349,1;284,1999;0;0;1,934925;-211,9283;21,73996
11,25246;-2,14;1,7;-1,32;349,1;284,1999;0;3,550487;1,937351;128,9023;21,79996
11,26454;-2,14;1,7;-1,44;349,1;284,1999;0;9,929697;1,945926;220,0937;21,91996
11,27512;-2,14;1,7;-1,44;349,1;284,1999;0;0;1,944099;-438,0513;21,91996
11,2881;-2,14;1,7;-1,5;349,1;284,1999;0;4,625046;1,947181;196,3446;21,97996
11,29998;-2,14;1,7;-1,56;349,1;284,1999;0;5,048508;1,950442;17,03556;22,03996
11,31222;-2,14;1,7;-1,56;349,1;284,1999;0;0;1,948332;-209,2637;22,03996
11,3239;-2,14;1,7;-1,62;349,1;284,1999;0;5,139244;1,951622;214,8936;22,09996
11,33414;-2,14;1,7;-1,62;349,1;284,1999;0;0;1,949858;-234,4728;22,09996
11,34595;-2,14;1,7;-1,69;349,1;284,1999;0;5,926554;1,953997;268,721;22,16996
11,3565;-2,14;1,7;-1,69;349,1;284,1999;0;0;1,952182;-265,0082;22,16996
11,36858;-2,14;1,7;-1,75;349,1;284,1999;0;4,970335;1,955387;219,6929;22,22996
11,38049;-2,14;1,7;-1,81;349,1;284,1999;0;5,036787;1,958612;2,770667;22,28996
11,39091;-2,14;1,7;-1,81;349,1;284,1999;0;0;1,95682;-225,5104;22,28996
11,40815;-2,14;1,7;-1,87;349,1;284,1999;0;3,480369;1,959122;125,8164;22,34996
11,41911;-2,14;1,7;-1,87;349,1;284,1999;0;0;1,957243;-123,4417;22,34996
11,43007;-2,14;1,7;-1,93;349,1;284,1999;0;5,470826;1,960614;249,5574;22,40996
11,44608;-2,14;1,7;-1,99;349,1;284,1999;0;3,748265;1,963114;-63,85846;22,46996
11,4564;-2,14;1,7;-1,99;349,1;284,1999;0;0;1,961345;-142,3675;22,46996
11,47588;-2,14;1,7;-2,05;349,1;284,1999;0;3,08042;1,963245;103,375;22,52996
11,48602;-2,14;1,7;-2,05;349,1;284,1999;0;0;1,961511;-103,9974;22,52996
11,49714;-2,14;1,7;-2,11;349,1;284,1999;0;5,397143;1,964833;253,872;22,58996
11,50955;-2,14;1,7;-2,17;349,1;284,1999;0;4,835876;1,967928;-23,85904;22,64996
11,52571;-2,14;1,7;-2,17;349,1;284,1999;0;0;1,965168;-169,2574;22,64996
11,53814;-2,14;1,7;-2,23;349,1;284,1999;0;4,826582;1,968251;168,7913;22,70996
11,55109;-2,14;1,7;-2,23;349,1;284,1999;0;0;1,966044;-190,1359;22,70996
11,58009;-2,14;1,7;-2,3;349,1;284,1999;0;2,414085;1,967166;57,54641;22,77996
11,59164;-2,14;1,7;-2,42;349,1;284,1999;0;-1;1,975558;-1;22,89996
11,60782;-2,14;1,7;-2,42;349,1;284,1999;0;0;1,972805;-1;22,89996
11,62011;-2,14;1,7;-2,48;349,1;284,1999;0;4,878984;1,975881;171,3554;22,95996
11,63202;-2,14;1,7;-2,54;349,1;284,1999;0;5,040418;1,979017;6,67045;23,01996
11,64493;-2,14;1,7;-2,54;349,1;284,1999;0;0;1,976823;-203,123;23,01996
11,65764;-2,14;1,7;-2,6;349,1;284,1999;0;4,720476;1,979814;184,2395;23,07996
11,67098;-2,14;1,7;-2,66;349,1;284,1999;0;4,496159;1,982691;-8,609257;23,13996
11,68166;-2,14;1,7;-2,66;349,1;284,1999;0;0;1,980879;-187,1601;23,13996
11,69207;-2,14;1,7;-2,66;349,1;284,1999;0;0;1,979116;0;23,13996
11,70428;-2,14;1,7;-2,66;349,1;284,1999;0;0;1,977051;0;23,13996
11,72187;-2,14;1,7;-2,72;349,1;284,1999;0;3,40963;1,979202;114,3862;23,19995
11,73429;-2,14;1,7;-2,78;349,1;284,1999;0;4,833999;1,982221;47,46429;23,25995
11,74512;-2,14;1,7;-2,78;349,1;284,1999;0;0;1,980393;-207,9514;23,25995
11,75781;-2,14;1,7;-2,84;349,1;284,1999;0;4,728636;1,983359;201,0271;23,31995
11,77106;-2,14;1,7;-2,84;349,1;284,1999;0;0;1,981126;-182,2783;23,31995
11,78425;-2,14;1,7;-2,91;349,1;284,1999;0;5,307723;1,984849;200,734;23,38995
11,79568;-2,14;1,7;-2,91;349,1;284,1999;0;0;1,982926;-215,6187;23,38995
11,80795;-2,14;1,7;-2,91;349,1;284,1999;0;0;1,980865;0;23,38995
11,81921;-2,14;1,7;-2,97;349,1;284,1999;0;5,327223;1,984054;226,3921;23,44995
11,83019;-2,14;1,7;-2,97;349,1;284,1999;0;0;1,982213;-239,5265;23,44995
11,84159;-2,14;1,7;-2,97;349,1;284,1999;0;0;1,980305;0;23,44995
11,8516;-2,14;1,7;-2,97;349,1;284,1999;0;0;1,978632;0;23,44995
11,86448;-2,14;1,7;-3,03;349,1;284,1999;0;4,659298;1,981541;203,517;23,50995
11,88111;-2,14;1,7;-3,03;349,1;284,1999;0;0;1,978768;-157,9116;23,50995
11,89777;-2,14;1,7;-3,03;349,1;284,1999;0;0;1,975996;0;23,50995
11,90849;-2,14;1,7;-3,03;349,1;284,1999;0;0;1,974218;0;23,50995
11,91879;-2,14;1,7;-3,03;349,1;284,1999;0;0;1,972512;0;23,50995
11,92958;-2,14;1,7;-3,03;349,1;284,1999;0;0;1,970727;0;23,50995
11,9399;-2,14;1,7;-3,03;349,1;284,1999;0;0;1,969025;0;23,50995
11,95092;-2,14;1,7;-3,03;349,1;284,1999;0;0;1,967209;0;23,50995
11,96113;-2,14;1,7;-3,03;349,1;284,1999;0;0;1,96553;0;23,50995
11,97426;-2,14;1,7;-3,09;349,1;284,1999;0;4,569286;1,968385;195,7367;23,56995
11,98679;-2,14;1,7;-3,15;349,1;284,1999;0;4,78694;1,971332;8,480474;23,62995
11,99843;-2,14;1,7;-3,21;349,1;284,1999;0;5,157349;1,974421;15,32643;23,68995
12,00866;-2,14;1,7;-3,21;349,1;284,1999;0;0;1,972739;-235,8633;23,68995
12,01941;-2,14;1,7;-3,27;349,1;284,1999;0;5,579505;1,975966;265,873;23,74995
12,03801;-2,14;1,7;-3,33;349,1;284,1999;0;3,226716;1,977898;-80,16763;23,80995
12,05153;-2,14;1,7;-3,39;349,1;284,1999;0;4,438117;1,980657;37,72188;23,86995
12,0643;-2,14;1,7;-3,45;349,1;284,1999;0;4,698618;1,983534;9,909145;23,92995
12,07779;-2,14;1,7;-3,52;349,1;284,1999;0;5,187664;1,987114;18,6209;23,99995
12,09016;-2,14;1,7;-3,58;349,1;284,1999;0;4,850771;1,990044;-13,0262;24,05995
12,10308;-2,14;1,7;-3,64;349,1;284,1999;0;4,645898;1,992878;-8,102935;24,11995
12,115;-2,14;1,7;-3,7;349,1;284,1999;0;5,031147;1,995868;15,50902;24,17995
12,12974;-2,14;1,7;-3,76;349,1;284,1999;0;4,071609;1,99839;-35,98916;24,23995
12,1424;-2,14;1,7;-3,82;349,1;284,1999;0;4,738251;2,001247;24,33084;24,29995
12,15479;-2,14;1,7;-3,94;349,1;284,1999;0;9,68737;2,009081;197,5683;24,41995
12,16727;-2,14;1,7;-4;349,1;284,1999;0;4,805568;2,01195;-196,2709;24,47995
12,17984;-2,14;1,7;-4,07;349,1;284,1999;0;5,571196;2,015622;30,56377;24,54995
12,19717;-2,14;1,7;-4,19;349,1;284,1999;0;6,925097;2,022597;45,29169;24,66994
12,2094;-2,14;1,7;-4,31;349,1;284,1999;0;9,806641;2,030398;97,46518;24,78994
12,22284;-2,14;1,7;-4,43;349,1;284,1999;0;8,929743;2,037983;-34,154;24,90994
12,23672;-2,14;1,7;-4,49;349,1;284,1999;0;4,322832;2,040575;-168,6401;24,96994
12,24961;-2,14;1,7;-4,68;349,1;284,1999;0;-1;2,053938;-1;25,15994
12,26102;-2,14;1,7;-4,74;349,1;284,1999;0;5,26041;2,056921;-1;25,21994
12,27373;-2,14;1,7;-4,86;349,1;284,1999;0;9,440281;2,064568;173,313;25,33994
12,28469;-2,14;1,7;-4,92;349,1;284,1999;0;5,473682;2,067609;-167,5575;25,39994
12,29586;-2,14;1,7;-4,98;349,1;284,1999;0;5,371339;2,070611;-4,624208;25,45994
12,30902;-2,14;1,7;-5,04;349,1;284,1999;0;4,559352;2,073272;-33,37373;25,51994
12,32171;-2,14;1,7;-5,16;349,1;284,1999;0;9,458694;2,080876;189,5555;25,63994
12,33442;-2,14;1,7;-5,29;349,1;284,1999;0;-1;2,089271;-1;25,76994
12,35269;-2,14;1,7;-5,47;349,1;284,1999;0;9,851427;2,100752;-1;25,94994
12,36674;-2,14;1,7;-5,53;349,1;284,1999;0;4,269476;2,103217;-172,6833;26,00994
12,3792;-2,14;1,7;-5,65;349,1;284,1999;0;9,630999;2,110794;202,2216;26,12994
12,39157;-2,14;1,7;-5,65;349,1;284,1999;0;0;2,108686;-387,8647;26,12994
12,40499;-2,14;1,7;-5,71;349,1;284,1999;0;4,4709;2,111242;173,35;26,18994
12,4165;-2,14;1,7;-5,71;349,1;284,1999;0;0;2,109286;-179,393;26,18994
12,42732;-2,14;1,7;-5,71;349,1;284,1999;0;0;2,107449;0;26,18994
12,44132;-2,14;1,7;-5,77;349,1;284,1999;0;4,286605;2,109901;172,7187;26,24994
12,45387;-2,14;1,7;-5,77;349,1;284,1999;0;0;2,107774;-161,4639;26,24994
12,47148;-2,14;1,7;-5,77;349,1;284,1999;0;0;2,104797;0;26,24994
12,48206;-2,14;1,7;-5,77;349,1;284,1999;0;0;2,103014;0;26,24994
12,49268;-2,14;1,7;-5,77;349,1;284,1999;0;0;2,101225;0;26,24994
12,51149;-2,14;1,7;-5,77;349,1;284,1999;0;0;2,098068;0;26,24994
12,52955;-2,14;1,7;-5,77;349,1;284,1999;0;0;2,095042;0;26,24994
12,54859;-2,14;1,7;-5,83;349,1;284,1999;0;3,151397;2,096645;84,92623;26,30994
12,55928;-2,14;1,7;-5,83;349,1;284,1999;0;0;2,094862;-106,0284;26,30994
12,57008;-2,14;1,7;-5,83;349,1;284,1999;0;0;2,09306;0;26,30994
12,58667;-2,14;1,7;-5,96;349,1;284,1999;0;7,839602;2,100631;286,2263;26,43994
12,60587;-2,14;1,7;-5,96;349,1;284,1999;0;0;2,097431;-219,0768;26,43994
12,61737;-2,14;1,7;-6,02;349,1;284,1999;0;5,215926;2,100274;169,8697;26,49994
12,63668;-2,14;1,7;-6,08;349,1;284,1999;0;3,106582;2,101812;-68,44734;26,55994
12,64979;-2,14;1,7;-6,14;349,1;284,1999;0;4,577264;2,104378;45,36053;26,61994
12,67694;-2,14;1,7;-6,26;349,1;284,1999;0;4,419723;2,109337;-3,913171;26,73994
12,69115;-2,14;1,7;-6,32;349,1;284,1999;0;4,223584;2,111703;-4,742575;26,79994
12,70448;-2,14;1,7;-6,44;349,1;284,1999;0;9,001287;2,118933;173,4991;26,91994
12,71507;-2,14;1,7;-6,44;349,1;284,1999;0;0;2,117167;-376,2321;26,91994
12,72646;-2,14;1,7;-6,51;349,1;284,1999;0;6,148991;2,120774;279,7867;26,98994
12,73661;-2,14;1,7;-6,51;349,1;284,1999;0;0;2,119084;-285,5485;26,98994
12,74831;-2,14;1,7;-6,57;349,1;284,1999;0;5,129596;2,121846;234,7988;27,04994
12,767;-2,14;1,7;-6,63;349,1;284,1999;0;3,209596;2,123439;-63,17715;27,10994
12,80163;-2,14;1,7;-6,69;349,1;284,1999;0;1,732705;2,122382;-27,69768;27,16994
12,8195;-2,14;1,7;-6,69;349,1;284,1999;0;0;2,119423;-33,00404;27,16994
12,83013;-2,14;1,7;-6,69;349,1;284,1999;0;0;2,117667;0;27,16994
12,84195;-2,14;1,7;-6,75;349,1;284,1999;0;5,077435;2,12039;226,1907;27,22994
12,85893;-2,14;1,7;-6,75;349,1;284,1999;0;0;2,117589;-176,2764;27,22994
12,87052;-2,14;1,7;-6,81;349,1;284,1999;0;5,178148;2,120345;181,2189;27,28994
12,88774;-2,14;1,7;-6,81;349,1;284,1999;0;0;2,117512;-179,7789;27,28994
12,90504;-2,14;1,7;-6,81;349,1;284,1999;0;0;2,114673;0;27,28994
12,92341;-2,14;1,7;-6,87;349,1;284,1999;0;3,265911;2,116309;91,54607;27,34994
12,93403;-2,14;1,7;-6,87;349,1;284,1999;0;0;2,114572;-112,6536;27,34994
12,94515;-2,14;1,7;-6,93;349,1;284,1999;0;5,394367;2,11739;248,1096;27,40994
12,9561;-2,14;1,7;-6,93;349,1;284,1999;0;0;2,115601;-244,4321;27,40994
12,97264;-2,14;1,7;-6,99;349,1;284,1999;0;3,626614;2,117528;131,9219;27,46994
12,98672;-2,14;1,7;-7,05;349,1;284,1999;0;4,262534;2,119853;20,76772;27,52994
13,0054;-2,14;1,7;-7,12;349,1;284,1999;0;3,747766;2,122191;-15,7162;27,59994
13,01556;-2,14;1,7;-7,12;349,1;284,1999;0;0;2,120533;-129,9328;27,59994
13,02578;-2,14;1,7;-7,12;349,1;284,1999;0;0;2,11887;0;27,59994
13,03751;-2,14;1,7;-7,18;349,1;284,1999;0;5,113753;2,121566;233,0056;27,65994
13,04915;-2,14;1,7;-7,24;349,1;284,1999;0;5,155236;2,124271;1,774921;27,71994
13,06142;-2,14;1,7;-7,3;349,1;284,1999;0;4,88964;2,12687;-11,10833;27,77994
