Simulation time (s);Position vector;;;Euler rotation vector;;;Mean speed (m/s);Nb Steps;Mean step length (m);Mean step time (s);Mean step pause (s)
0;-0,6967869;-5,1863;0,9511175;0;0;0;0;0;-1;-1;0
0,3333333;-0,6967869;-5,1863;0,9511175;0;0;0;0;0;-1;-1;0
0,3576925;-0,6967869;-5,1863;0,9511175;0;0;0;0;0;-1;-1;0
0,3763928;-0,6967869;-5,1863;0,9511175;0;0;0;0;0;-1;-1;0
0,3907791;-0,6967869;-5,1863;0,9511175;0;0;0;0;0;-1;-1;0
0,4035587;-0,6967869;-5,1863;0,9511175;0;0;0;0;0;-1;-1;0
0,4162553;-0,6967869;-5,1863;0,9511175;0;0;0;0;0;-1;-1;0
0,4308895;-0,6967869;-5,1863;0,9511175;0;0;0;0;0;-1;-1;0
0,445378;-0,6967869;-5,1863;0,9511175;0;0;0;0;0;-1;-1;0
0,4583308;-0,6967869;-5,1863;0,9511175;0;0;0;0;0;-1;-1;0
0,4726065;-0,6967869;-5,1863;0,9511175;0;0;0;0;0;-1;-1;0
0,4846546;-0,6967869;-5,1863;0,9511175;0;0;0;0;0;-1;-1;0
0,497398;-0,6967869;-5,1863;0,9511175;0;0;0;0;0;-1;-1;0
0,5097758;-0,6967869;-5,1863;0,9511175;0;0;0;0;0;-1;-1;0
0,5232922;-0,6967869;-5,1863;0,9511175;0;0;0;0;0;-1;-1;0
0,5367417;-0,6967869;-5,1863;0,9511175;0;0;0;0;0;-1;-1;0
0,5504385;-0,6967869;-5,1863;0,9511175;0;0;0;0;0;-1;-1;0
0,5616205;-0,6967869;-5,1863;0,9511175;0;0;0;0;0;-1;-1;0
0,5732814;-0,6967869;-5,1863;0,9511175;0;0;0;0;0;-1;-1;0
0,5850525;-0,6967869;-5,1863;0,9511175;0;0;0;0;0;-1;-1;0
0,5978787;-0,6967869;-5,1863;0,9511175;0;0;0;0;0;-1;-1;0
0,6170889;-0,6967869;-5,1863;0,9511175;0;0;0;0;0;-1;-1;0
0,6296483;-0,6967869;-5,1863;0,9511175;0;0;0;0;0;-1;-1;0
0,6429636;-0,6967869;-5,1863;0,9511175;0;0;0;0;0;-1;-1;0
0,6575575;-0,6967869;-5,1863;0,9511175;0;0;0;0;0;-1;-1;0
0,6704234;-0,6967869;-5,1863;0,9511175;0;0;0;0;0;-1;-1;0
0,6817744;-0,6967869;-5,1863;0,9511175;0;0;0;0;0;-1;-1;0
0,6941335;-0,6967869;-5,1863;0,9511175;0;0;0;0;0;-1;-1;0
0,7058945;-0,6967869;-5,1863;0,9511175;0;0;0;0;0;-1;-1;0
0,7178487;-0,6967869;-5,1863;0,9511175;0;0;0;0;0;-1;-1;0
0,7307299;-0,6967869;-5,1863;0,9511175;0;0;0;0;0;-1;-1;0
0,7422602;-0,6967869;-5,1863;0,9511175;0;0;0;0;0;-1;-1;0
0,7566525;-0,6967869;-5,1863;0,9511175;0;0;0;0;0;-1;-1;0
0,7719764;-0,6967869;-5,1863;0,9511175;0;0;0;0;0;-1;-1;0
0,783675;-0,6967869;-5,1863;0,9511175;0;0;0;0;0;-1;-1;0
0,7958472;-0,6967869;-5,1863;0,9511175;0;0;0;0;0;-1;-1;0
0,8097676;-0,6967869;-5,1863;0,9511175;0;0;0;0;0;-1;-1;0
0,8206693;-0,6967869;-5,1863;0,9511175;0;0;0;0;0;-1;-1;0
0,8325556;-0,6967869;-5,1863;0,9511175;0;0;0;0;0;-1;-1;0
0,8451504;-0,6967869;-5,1863;0,9511175;0;0;0;0;0;-1;-1;0
0,8573651;-0,6967869;-5,1863;0,9511175;0;0;0;0;0;-1;-1;0
0,8683822;-0,6967869;-5,1863;0,9511175;0;0;0;0;0;-1;-1;0
0,8796782;-0,6967869;-5,1863;0,9511175;0;0;0;0;0;-1;-1;0
0,8929741;-0,6967869;-5,1863;0,9511175;0;0;0;0;0;-1;-1;0
0,905766;-0,6967869;-5,1863;0,9511175;0;0;0;0;0;-1;-1;0
0,9174259;-0,6967869;-5,1863;0,9511175;0;0;0;0;0;-1;-1;0
0,9296266;-0,6967869;-5,1863;0,9511175;0;0;0;0;0;-1;-1;0
0,9428234;-0,6967869;-5,1863;0,9511175;0;0;0;0;0;-1;-1;0
0,9532983;-0,6967869;-5,1863;0,9511175;0;0;0;0;0;-1;-1;0
0,9642321;-0,6967869;-5,1863;0,9511175;0;0;0;0;0;-1;-1;0
0,9758536;-0,6967869;-5,1863;0,9511175;0;0;0;0;0;-1;-1;0
0,9872737;-0,6967869;-5,1863;0,9511175;0;0;0;0;0;-1;-1;0
0,9972978;-0,6967869;-5,1863;0,9511175;0;0;0;0;0;-1;-1;0
1,014281;-0,6967869;-5,1863;0,9511175;0;0;0;0;0;-1;-1;0
1,025009;-0,6967869;-5,1863;0,9511175;0;0;0;0;0;-1;-1;0
1,042748;-0,6967869;-5,1863;0,9511175;0;0;0;0;0;-1;-1;0
1,057809;-0,6967869;-5,1863;0,9511175;0;0;0;0;0;-1;-1;0
1,068755;-0,6967869;-5,1863;0,9511175;0;0;0;0;0;-1;-1;0
1,080119;-0,6967869;-5,1863;0,9511175;0;0;0;0;0;-1;-1;0
1,094608;-0,6967869;-5,1863;0,9511175;0;0;0;0;0;-1;-1;0
1,110248;-0,6967869;-5,1863;0,9511175;0;0;0;0;0;-1;-1;0
1,121004;-0,6967869;-5,1863;0,9511175;0;0;0;0;0;-1;-1;0
1,131928;-0,6967869;-5,1863;0,9511175;0;0;0;0;0;-1;-1;0
1,150663;-0,6967869;-5,1863;0,9511175;0;0;0;0;0;-1;-1;0
1,169343;-0,6967869;-5,1863;0,9511175;0;0;0;0;0;-1;-1;0
1,18849;-0,6967869;-5,1863;0,9511175;0;0;0;0;0;-1;-1;0
1,205586;-0,6967869;-5,1863;0,9511175;0;0;0;0;0;-1;-1;0
1,216996;-0,6967869;-5,1863;0,9511175;0;0;0;0;0;-1;-1;0
1,233648;-0,6967869;-5,1863;0,9511175;0;0;0;0;0;-1;-1;0
1,244569;-0,6967869;-5,1863;0,9511175;0;0;0;0;0;-1;-1;0
1,257603;-0,6967869;-5,1863;0,9511175;0;0;0;0;0;-1;-1;0
1,269473;-0,6967869;-5,1863;0,9511175;0;0;0;0;0;-1;-1;0
1,282834;-0,6967869;-5,1863;0,9511175;0;0;0;0;0;-1;-1;0
1,296153;-0,6967869;-5,1863;0,9511175;0;0;0;0;0;-1;-1;0
1,308203;-0,6967869;-5,1863;0,9511175;0;0;0;0;0;-1;-1;0
1,318884;-0,6967869;-5,1863;0,9511175;0;0;0;0;0;-1;-1;0
1,330728;-0,6967869;-5,1863;0,9511175;0;0;0;0;0;-1;-1;0
1,342951;-0,6967869;-5,1863;0,9511175;0;0;0;0;0;-1;-1;0
1,354412;-0,6967869;-5,1863;0,9511175;0;0;0;0;0;-1;-1;0
1,365642;-0,6967869;-5,1863;0,9511175;0;0;0;0;0;-1;-1;0
1,378151;-0,6967869;-5,1863;0,9511175;0;0;0;0;0;-1;-1;0
1,390785;-0,6967869;-5,1863;0,9511175;0;0;0;0;0;-1;-1;0
1,400949;-0,6967869;-5,1863;0,9511175;0;0;0;0;0;-1;-1;0
1,414417;-0,6967869;-5,1863;0,9511175;0;0;0;0;0;-1;-1;0
1,426895;-0,6967869;-5,1863;0,9511175;0;0;0;0;0;-1;-1;0
1,440369;-0,6967869;-5,1863;0,9511175;0;0;0;0;0;-1;-1;0
1,451606;-0,6967869;-5,1863;0,9511175;0;0;0;0;0;-1;-1;0
1,462597;-0,6967869;-5,1863;0,9511175;0;0;0;0;0;-1;-1;0
1,489327;-0,6967869;-5,1863;0,9511175;0;0;0;0;0;-1;-1;0
1,505235;-0,6967869;-5,1863;0,9511175;0;0;0;0;0;-1;-1;0
1,516683;-0,6967869;-5,1863;0,9511175;0;0;0;0;0;-1;-1;0
1,52823;-0,6967869;-5,1863;0,9511175;0;0;0;0;0;-1;-1;0
1,540605;-0,6967869;-5,1863;0,9511175;0;0;0;0;0;-1;-1;0
1,552965;-0,6967869;-5,1863;0,9511175;0;0;0;0;0;-1;-1;0
1,565478;-0,6967869;-5,1863;0,9511175;0;0;0;0;0;-1;-1;0
1,578712;-0,6967869;-5,1863;0,9511175;0;0;0;0;0;-1;-1;0
1,5917;-0,6967869;-5,1863;0,9511175;0;0;0;0;0;-1;-1;0
1,61104;-0,6967869;-5,1863;0,9511175;0;0;0;0;0;-1;-1;0
1,622418;-0,6967869;-5,1863;0,9511175;0;0;0;0;0;-1;-1;0
1,633269;-0,6967869;-5,1863;0,9511175;0;0;0;0;0;-1;-1;0
1,646042;-0,6967869;-5,1863;0,9511175;0;0;0;0;0;-1;-1;0
1,657391;-0,6967869;-5,1863;0,9511175;0;0;0;0;0;-1;-1;0
1,667775;-0,6967869;-5,1863;0,9511175;0;0;0;0;0;-1;-1;0
1,681138;-0,6967869;-5,1863;0,9511175;0;0;0;0;0;-1;-1;0
1,692976;-0,6967869;-5,1863;0,9511175;0;0;0;0;0;-1;-1;0
1,705311;-0,6967869;-5,1863;0,9511175;0;0;0;0;0;-1;-1;0
1,719137;-0,6967869;-5,1863;0,9511175;0;0;0;0;0;-1;-1;0
1,730735;-0,6967869;-5,1863;0,9511175;0;0;0;0;0;-1;-1;0
1,744792;-0,6967869;-5,1863;0,9511175;0;0;0;0;0;-1;-1;0
1,758473;-0,6967869;-5,1863;0,9511175;0;0;0;0;0;-1;-1;0
1,77201;-0,6967869;-5,1863;0,9511175;0;0;0;0;0;-1;-1;0
1,784895;-0,6967869;-5,1863;0,9511175;0;0;0;0;0;-1;-1;0
1,796823;-0,6967869;-5,1863;0,9511175;0;0;0;0;0;-1;-1;0
1,81078;-0,6967869;-5,1863;0,9511175;0;0;0;0;0;-1;-1;0
1,822707;-0,6967869;-5,1863;0,9511175;0;0;0;0;0;-1;-1;0
1,835618;-0,6967869;-5,1863;0,9511175;0;0;0;0;0;-1;-1;0
1,853812;-0,6967869;-5,1863;0,9511175;0;0;0;0;0;-1;-1;0
1,874592;-0,6967869;-5,1863;0,9511175;0;0;0;0;0;-1;-1;0
1,885261;-0,6967869;-5,1863;0,9511175;0;0;0;0;0;-1;-1;0
1,896374;-0,6967869;-5,1863;0,9511175;0;0;0;0;0;-1;-1;0
1,908969;-0,6967869;-5,1863;0,9511175;0;0;0;0;0;-1;-1;0
1,919657;-0,6967869;-5,1863;0,9511175;0;0;0;0;0;-1;-1;0
1,939198;-0,6967869;-5,1863;0,9511175;0;0;0;0;0;-1;-1;0
1,954076;-0,6967869;-5,1863;0,9511175;0;0;0;0;0;-1;-1;0
1,97313;-0,6967869;-5,1863;0,9511175;0;0;0;0;0;-1;-1;0
1,984703;-0,6967869;-5,1863;0,9511175;0;0;0;0;0;-1;-1;0
2,001835;-0,6967869;-5,1863;0,9511175;0;0;0;0;0;-1;-1;0
2,018658;-0,6967869;-5,1863;0,9511175;0;0;0;0;0;-1;-1;0
2,035521;-0,6967869;-5,1863;0,9511175;0;0;0;0;0;-1;-1;0
2,047118;-0,6967869;-5,1863;0,9511175;0;0;0;0;0;-1;-1;0
2,05779;-0,6967869;-5,1863;0,9511175;0;0;0;0;0;-1;-1;0
2,068614;-0,6967869;-5,1863;0,9511175;0;0;0;0;0;-1;-1;0
2,086344;-0,6967869;-5,1863;0,9511175;0;0;0;0;0;-1;-1;0
2,096873;-0,6967869;-5,1863;0,9511175;0;0;0;0;0;-1;-1;0
2,10741;-0,6967869;-5,1863;0,9511175;0;0;0;0;0;-1;-1;0
2,119339;-0,6967869;-5,1863;0,9511175;0;0;0;0;0;-1;-1;0
2,136093;-0,6967869;-5,1863;0,9511175;0;0;0;0;0;-1;-1;0
2,153319;-0,6967869;-5,1863;0,9511175;0;0;0;0;0;-1;-1;0
2,165666;-0,6967869;-5,1863;0,9511175;0;0;0;0;0;-1;-1;0
2,179088;-0,6967869;-5,1863;0,9511175;0;0;0;0;0;-1;-1;0
2,19247;-0,6967869;-5,1863;0,9511175;0;0;0;0;0;-1;-1;0
2,211193;-0,6967869;-5,1863;0,9511175;0;0;0;0;0;-1;-1;0
2,222625;-0,6967869;-5,1863;0,9511175;0;0;0;0;0;-1;-1;0
2,23401;-0,6967869;-5,1863;0,9511175;0;0;0;0;0;-1;-1;0
2,245562;-0,6967869;-5,1863;0,9511175;0;0;0;0;0;-1;-1;0
2,258913;-0,6967869;-5,1863;0,9511175;0;0;0;0;0;-1;-1;0
2,270818;-0,6967869;-5,1863;0,9511175;0;0;0;0;0;-1;-1;0
2,282781;-0,6967869;-5,1863;0,9511175;0;0;0;0;0;-1;-1;0
2,295937;-0,6967869;-5,1863;0,9511175;0;0;0;0;0;-1;-1;0
2,307719;-0,6967869;-5,1863;0,9511175;0;0;0;0;0;-1;-1;0
2,319043;-0,6967869;-5,1863;0,9511175;0;0;0;0;0;-1;-1;0
2,331569;-0,6967869;-5,1863;0,9511175;0;0;0;0;0;-1;-1;0
2,342568;-0,6967869;-5,1863;0,9511175;0;0;0;0;0;-1;-1;0
2,35997;-0,6967869;-5,1863;0,9511175;0;0;0;0;0;-1;-1;0
2,372839;-0,6967869;-5,1863;0,9511175;0;0;0;0;0;-1;-1;0
2,391247;-0,6967869;-5,1863;0,9511175;0;0;0;0;0;-1;-1;0
2,401937;-0,6967869;-5,1863;0,9511175;0;0;0;0;0;-1;-1;0
2,414339;-0,6967869;-5,1863;0,9511175;0;0;0;0;0;-1;-1;0
2,42665;-0,6967869;-5,1863;0,9511175;0;0;0;0;0;-1;-1;0
2,438723;-0,6967869;-5,1863;0,9511175;0;0;0;0;0;-1;-1;0
2,451183;-0,6967869;-5,1863;0,9511175;0;0;0;0;0;-1;-1;0
2,462909;-0,6967869;-5,1863;0,9511175;0;0;0;0;0;-1;-1;0
2,475238;-0,6967869;-5,1863;0,9511175;0;0;0;0;0;-1;-1;0
2,485764;-0,6967869;-5,1863;0,9511175;0;0;0;0;0;-1;-1;0
2,497072;-0,6967869;-5,1863;0,9511175;0;0;0;0;0;-1;-1;0
2,526044;-0,6967869;-5,1863;0,9511175;0;0;0;0;0;-1;-1;0
2,537279;-0,6967869;-5,1863;0,9511175;0;0;0;0;0;-1;-1;0
2,55023;-0,6967869;-5,1863;0,9511175;0;0;0;0;0;-1;-1;0
2,561512;-0,6967869;-5,1863;0,9511175;0;0;0;0;0;-1;-1;0
2,573426;-0,6967869;-5,1863;0,9511175;0;0;0;0;0;-1;-1;0
2,58483;-0,6967869;-5,1863;0,9511175;0;0;0;0;0;-1;-1;0
2,597159;-0,6967869;-5,1863;0,9511175;0;0;0;0;0;-1;-1;0
2,613071;-0,6967869;-5,1863;0,9511175;0;0;0;0;0;-1;-1;0
2,625009;-0,6967869;-5,1863;0,9511175;0;0;0;0;0;-1;-1;0
2,637454;-0,6967869;-5,1863;0,9511175;0;0;0;0;0;-1;-1;0
2,649873;-0,6967869;-5,1863;0,9511175;0;0;0;0;0;-1;-1;0
2,668511;-0,6967869;-5,1863;0,9511175;0;0;0;0;0;-1;-1;0
2,680381;-0,6967869;-5,1863;0,9511175;0;0;0;0;0;-1;-1;0
2,691559;-0,6967869;-5,1863;0,9511175;0;0;0;0;0;-1;-1;0
2,710094;-0,6967869;-5,1863;0,9511175;0;0;0;0;0;-1;-1;0
2,721918;-0,6967869;-5,1863;0,9511175;0;0;0;0;0;-1;-1;0
2,732048;-0,6967869;-5,1863;0,9511175;0;0;0;0;0;-1;-1;0
2,74418;-0,6967869;-5,1863;0,9511175;0;0;0;0;0;-1;-1;0
2,756644;-0,6967869;-5,1863;0,9511175;0;0;0;0;0;-1;-1;0
2,767225;-0,6967869;-5,1863;0,9511175;0;0;0;0;0;-1;-1;0
2,778864;-0,6967869;-5,1863;0,9511175;0;0;0;0;0;-1;-1;0
2,791439;-0,6967869;-5,1863;0,9511175;0;0;0;0;0;-1;-1;0
2,804788;-0,6967869;-5,1863;0,9511175;0;0;0;0;0;-1;-1;0
2,823789;-0,6967869;-5,1863;0,9511175;0;0;0;0;0;-1;-1;0
2,835626;-0,6967869;-5,1863;0,9511175;0;0;0;0;0;-1;-1;0
2,845845;-0,6967869;-5,1863;0,9511175;0;0;0;0;0;-1;-1;0
2,855883;-0,6967869;-5,1863;0,9511175;0;0;0;0;0;-1;-1;0
2,872686;-0,6967869;-5,1863;0,9511175;0;0;0;0;0;-1;-1;0
2,890338;-0,6967869;-5,1863;0,9511175;0;0;0;0;0;-1;-1;0
2,907688;-0,6967869;-5,1863;0,9511175;0;0;0;0;0;-1;-1;0
2,917799;-0,6967869;-5,1863;0,9511175;0;0;0;0;0;-1;-1;0
2,935035;-0,6967869;-5,1863;0,9511175;0;0;0;0;0;-1;-1;0
2,945691;-0,6967869;-5,1863;0,9511175;0;0;0;0;0;-1;-1;0
2,956027;-0,6967869;-5,1863;0,9511175;0;0;0;0;0;-1;-1;0
2,972438;-0,6967869;-5,1863;0,9511175;0;0;0;0;0;-1;-1;0
2,989761;-0,6967869;-5,1863;0,9511175;0;0;0;0;0;-1;-1;0
3,000128;-0,6967869;-5,1863;0,9511175;0;0;0;0;0;-1;-1;0
3,014264;-0,6967869;-5,1863;0,9511175;0;0;0;0;0;-1;-1;0
3,030713;-0,6967869;-5,1863;0,9511175;0;0;0;0;0;-1;-1;0
3,05052;-0,6967869;-5,1863;0,9511175;0;0;0;0;0;-1;-1;0
3,067627;-0,6967869;-5,1863;0,9511175;0;0;0;0;0;-1;-1;0
3,079104;-0,6967869;-5,1863;0,9511175;0;0;0;0;0;-1;-1;0
3,096267;-0,6967869;-5,1863;0,9511175;0;0;0;0;0;-1;-1;0
3,106828;-0,6967869;-5,1863;0,9511175;0;0;0;0;0;-1;-1;0
3,122628;-0,6967869;-5,1863;0,9511175;0;0;0;0;0;-1;-1;0
3,133926;-0,6967869;-5,1863;0,9511175;0;0;0;0;0;-1;-1;0
3,145461;-0,6967869;-5,1863;0,9511175;0;0;0;0;0;-1;-1;0
3,156381;-0,6967869;-5,1863;0,9511175;0;0;0;0;0;-1;-1;0
3,173854;-0,6967869;-5,1863;0,9511175;0;0;0;0;0;-1;-1;0
3,191241;-0,6967869;-5,1863;0,9511175;0;0;0;0;0;-1;-1;0
3,202283;-0,6967869;-5,1863;0,9511175;0;0;0;0;0;-1;-1;0
3,214432;-0,6967869;-5,1863;0,9511175;0;0;0;0;0;-1;-1;0
3,224946;-0,6967869;-5,1863;0,9511175;0;0;0;0;0;-1;-1;0
3,235225;-0,6967869;-5,1863;0,9511175;0;0;0;0;0;-1;-1;0
3,254146;-0,6967869;-5,1863;0,9511175;0;0;0;0;0;-1;-1;0
3,264158;-0,6967869;-5,1863;0,9511175;0;0;0;0;0;-1;-1;0
3,275327;-0,6967869;-5,1863;0,9511175;0;0;0;0;0;-1;-1;0
3,29266;-0,6967869;-5,1863;0,9511175;0;0;0;0;0;-1;-1;0
3,310333;-0,6967869;-5,1863;0,9511175;0;0;0;0;0;-1;-1;0
3,321709;-0,6967869;-5,1863;0,9511175;0;0;0;0;0;-1;-1;0
3,335216;-0,6967869;-5,1863;0,9511175;0;0;0;0;0;-1;-1;0
3,347883;-0,6967869;-5,1863;0,9511175;0;0;0;0;0;-1;-1;0
3,359167;-0,6967869;-5,1863;0,9511175;0;0;0;0;0;-1;-1;0
3,370333;-0,6967869;-5,1863;0,9511175;0;0;0;0;0;-1;-1;0
3,382791;-0,6967869;-5,1863;0,9511175;0;0;0;0;0;-1;-1;0
3,395346;-0,6967869;-5,1863;0,9511175;0;0;0;0;0;-1;-1;0
3,408293;-0,6967869;-5,1863;0,9511175;0;0;0;0;0;-1;-1;0
3,420681;-0,6967869;-5,1863;0,9511175;0;0;0;0;0;-1;-1;0
3,434768;-0,6967869;-5,1863;0,9511175;0;0;0;0;0;-1;-1;0
3,448915;-0,6967869;-5,1863;0,9511175;0;0;0;0;0;-1;-1;0
3,461731;-0,6967869;-5,1863;0,9511175;0;0;0;0;0;-1;-1;0
3,47497;-0,6967869;-5,1863;0,9511175;0;0;0;0;0;-1;-1;0
3,487493;-0,6967869;-5,1863;0,9511175;0;0;0;0;0;-1;-1;0
3,500322;-0,6967869;-5,1863;0,9511175;0;0;0;0;0;-1;-1;0
3,511582;-0,6967869;-5,1863;0,9511175;0;0;0;0;0;-1;-1;0
3,522983;-0,6967869;-5,1863;0,9511175;0;0;0;0;0;-1;-1;0
3,534806;-0,6967869;-5,1863;0,9511175;0;0;0;0;0;-1;-1;0
3,547364;-0,6967869;-5,1863;0,9511175;0;0;0;0;0;-1;-1;0
3,559538;-0,6967869;-5,1863;0,9511175;0;0;0;0;0;-1;-1;0
3,572129;-0,6967869;-5,1863;0,9511175;0;0;0;0;0;-1;-1;0
3,584727;-0,6967869;-5,1863;0,9511175;0;0;0;0;0;-1;-1;0
3,59734;-0,6967869;-5,1863;0,9511175;0;0;0;0;0;-1;-1;0
3,609666;-0,6967869;-5,1863;0,9511175;0;0;0;0;0;-1;-1;0
3,621469;-0,6967869;-5,1863;0,9511175;0;0;0;0;0;-1;-1;0
3,635643;-0,6967869;-5,1863;0,9511175;0;0;0;0;0;-1;-1;0
3,650466;-0,6967869;-5,1863;0,9511175;0;0;0;0;0;-1;-1;0
3,662206;-0,6967869;-5,1863;0,9511175;0;0;0;0;0;-1;-1;0
3,67499;-0,6967869;-5,1863;0,9511175;0;0;0;0;0;-1;-1;0
3,687441;-0,6967869;-5,1863;0,9511175;0;0;0;0;0;-1;-1;0
3,698817;-0,6967869;-5,1863;0,9511175;0;0;0;0;0;-1;-1;0
3,710731;-0,6967869;-5,1863;0,9511175;0;0;0;0;0;-1;-1;0
3,722304;-0,6967869;-5,1863;0,9511175;0;0;0;0;0;-1;-1;0
3,735822;-0,6967869;-5,1863;0,9511175;0;0;0;0;0;-1;-1;0
3,747642;-0,6967869;-5,1863;0,9511175;0;0;0;0;0;-1;-1;0
3,759456;-0,6967869;-5,1863;0,9511175;0;0;0;0;0;-1;-1;0
3,769665;-0,6967869;-5,1863;0,9511175;0;0;0;0;0;-1;-1;0
3,789136;-0,6967869;-5,1863;0,9511175;0;0;0;0;0;-1;-1;0
3,800994;-0,6967869;-5,1863;0,9511175;0;0;0;0;0;-1;-1;0
3,81358;-0,6967869;-5,1863;0,9511175;0;0;0;0;0;-1;-1;0
3,823729;-0,6967869;-5,1863;0,9511175;0;0;0;0;0;-1;-1;0
3,840909;-0,6967869;-5,1863;0,9511175;0;0;0;0;0;-1;-1;0
3,851215;-0,6967869;-5,1863;0,9511175;0;0;0;0;0;-1;-1;0
3,867455;-0,6967869;-5,1863;0,9511175;0;0;0;0;0;-1;-1;0
3,87847;-0,6967869;-5,1863;0,9511175;0;0;0;0;0;-1;-1;0
3,890537;-0,6967869;-5,1863;0,9511175;0;0;0;0;0;-1;-1;0
3,907991;-0,6967869;-5,1863;0,9511175;0;0;0;0;0;-1;-1;0
3,92503;-0,6967869;-5,1863;0,9511175;0;0;0;0;0;-1;-1;0
3,9353;-0,6967869;-5,1863;0,9511175;0;0;0;0;0;-1;-1;0
3,945421;-0,6967869;-5,1863;0,9511175;0;0;0;0;0;-1;-1;0
3,960998;-0,6967869;-5,1863;0,9511175;0;0;0;0;0;-1;-1;0
3,97804;-0,6967869;-5,1863;0,9511175;0;0;0;0;0;-1;-1;0
3,995863;-0,6967869;-5,1863;0,9511175;0;0;0;0;0;-1;-1;0
4,009008;-0,6967869;-5,1863;0,9511175;0;0;0;0;0;-1;-1;0
4,026267;-0,6967869;-5,1863;0,9511175;0;0;0;0;0;-1;-1;0
4,046449;-0,6967869;-5,1863;0,9511175;0;0;0;0;0;-1;-1;0
4,064231;-0,6967869;-5,1863;0,9511175;0;0;0;0;0;-1;-1;0
4,08133;-0,6967869;-5,1863;0,9511175;0;0;0;0;0;-1;-1;0
4,099188;-0,6967869;-5,1863;0,9511175;0;0;0;0;0;-1;-1;0
4,113632;-0,6967869;-5,1863;0,9511175;0;0;0;0;0;-1;-1;0
4,131133;-0,6967869;-5,1863;0,9511175;0;0;0;0;0;-1;-1;0
4,141141;-0,6967869;-5,1863;0,9511175;0;0;0;0;0;-1;-1;0
4,153073;-0,6967869;-5,1863;0,9511175;0;0;0;0;0;-1;-1;0
4,169503;-0,6967869;-5,1863;0,9511175;0;0;0;0;0;-1;-1;0
4,187549;-0,6967869;-5,1863;0,9511175;0;0;0;0;0;-1;-1;0
4,208084;-0,6967869;-5,1863;0,9511175;0;0;0;0;0;-1;-1;0
4,218234;-0,6967869;-5,1863;0,9511175;0;0;0;0;0;-1;-1;0
4,229277;-0,6967869;-5,1863;0,9511175;0;0;0;0;0;-1;-1;0
4,240531;-0,6967869;-5,1863;0,9511175;0;0;0;0;0;-1;-1;0
4,253099;-0,6967869;-5,1863;0,9511175;0;0;0;0;0;-1;-1;0
4,264968;-0,6967869;-5,1863;0,9511175;0;0;0;0;0;-1;-1;0
4,276184;-0,6967869;-5,1863;0,9511175;0;0;0;0;0;-1;-1;0
4,287939;-0,6967869;-5,1863;0,9511175;0;0;0;0;0;-1;-1;0
4,299199;-0,6967869;-5,1863;0,9511175;0;0;0;0;0;-1;-1;0
4,313287;-0,6967869;-5,1863;0,9511175;0;0;0;0;0;-1;-1;0
4,325043;-0,6967869;-5,1863;0,9511175;0;0;0;0;0;-1;-1;0
4,337989;-0,6967869;-5,1863;0,9511175;0;0;0;0;0;-1;-1;0
4,357233;-0,6967869;-5,1863;0,9511175;0;0;0;0;0;-1;-1;0
4,368491;-0,6967869;-5,1863;0,9511175;0;0;0;0;0;-1;-1;0
4,382591;-0,6967869;-5,1863;0,9511175;0;0;0;0;0;-1;-1;0
4,395835;-0,6967869;-5,1863;0,9511175;0;0;0;0;0;-1;-1;0
4,411086;-0,6967869;-5,1863;0,9511175;0;0;0;0;0;-1;-1;0
4,424483;-0,6967869;-5,1863;0,9511175;0;0;0;0;0;-1;-1;0
4,437274;-0,6967869;-5,1863;0,9511175;0;0;0;0;0;-1;-1;0
4,455045;-0,6967869;-5,1863;0,9511175;0;0;0;0;0;-1;-1;0
4,467467;-0,6967869;-5,1863;0,9511175;0;0;0;0;0;-1;-1;0
4,479735;-0,6967869;-5,1863;0,9511175;0;0;0;0;0;-1;-1;0
4,494181;-0,6967869;-5,1863;0,9511175;0;0;0;0;0;-1;-1;0
4,511309;-0,6967869;-5,1863;0,9511175;0;0;0;0;0;-1;-1;0
4,522329;-0,6967869;-5,1863;0,9511175;0;0;0;0;0;-1;-1;0
4,535306;-0,6967869;-5,1863;0,9511175;0;0;0;0;0;-1;-1;0
4,547932;-0,6967869;-5,1863;0,9511175;0;0;0;0;0;-1;-1;0
4,560117;-0,6967869;-5,1863;0,9511175;0;0;0;0;0;-1;-1;0
4,572822;-0,6967869;-5,1863;0,9511175;0;0;0;0;0;-1;-1;0
4,584175;-0,6967869;-5,1863;0,9511175;0;0;0;0;0;-1;-1;0
4,595057;-0,6967869;-5,1863;0,9511175;0;0;0;0;0;-1;-1;0
4,606287;-0,6967869;-5,1863;0,9511175;0;0;0;0;0;-1;-1;0
4,623336;-0,6967869;-5,1863;0,9511175;0;0;0;0;0;-1;-1;0
4,633452;-0,6967869;-5,1863;0,9511175;0;0;0;0;0;-1;-1;0
4,644363;-0,6967869;-5,1863;0,9511175;0;0;0;0;0;-1;-1;0
4,661048;-0,6967869;-5,1863;0,9511175;0;0;0;0;0;-1;-1;0
4,672566;-0,6967869;-5,1863;0,9511175;0;0;0;0;0;-1;-1;0
4,689882;-0,6967869;-5,1863;0,9511175;0;0;0;0;0;-1;-1;0
4,701705;-0,6967869;-5,1863;0,9511175;0;0;0;0;0;-1;-1;0
4,714152;-0,6967869;-5,1863;0,9511175;0;0;0;0;0;-1;-1;0
4,724497;-0,6967869;-5,1863;0,9511175;0;0;0;0;0;-1;-1;0
4,739416;-0,6967869;-5,1863;0,9511175;0;0;0;0;0;-1;-1;0
4,750632;-0,6967869;-5,1863;0,9511175;0;0;0;0;0;-1;-1;0
4,762047;-0,6967869;-5,1863;0,9511175;0;0;0;0;0;-1;-1;0
4,775849;-0,6967869;-5,1863;0,9511175;0;0;0;0;0;-1;-1;0
4,786481;-0,6967869;-5,1863;0,9511175;0;0;0;0;0;-1;-1;0
4,798026;-0,6967869;-5,1863;0,9511175;0;0;0;0;0;-1;-1;0
4,817009;-0,6967869;-5,1863;0,9511175;0;0;0;0;0;-1;-1;0
4,828227;-0,6967869;-5,1863;0,9511175;0;0;0;0;0;-1;-1;0
4,848152;-0,6967869;-5,1863;0,9511175;0;0;0;0;0;-1;-1;0
4,859262;-0,6967869;-5,1863;0,9511175;0;0;0;0;0;-1;-1;0
4,876643;-0,6967869;-5,1863;0,9511175;0;0;0;0;0;-1;-1;0
4,887864;-0,6967869;-5,1863;0,9511175;0;0;0;0;0;-1;-1;0
4,898304;-0,6967869;-5,1863;0,9511175;0;0;0;0;0;-1;-1;0
4,915477;-0,6967869;-5,1863;0,9511175;0;0;0;0;0;-1;-1;0
4,926638;-0,6967869;-5,1863;0,9511175;0;0;0;0;0;-1;-1;0
4,944629;-0,6967869;-5,1863;0,9511175;0;0;0;0;0;-1;-1;0
4,955304;-0,6967869;-5,1863;0,9511175;0;0;0;0;0;-1;-1;0
4,970973;-0,6967869;-5,1863;0,9511175;0;0;0;0;0;-1;-1;0
4,988185;-0,6967869;-5,1863;0,9511175;0;0;0;0;0;-1;-1;0
5,005029;-0,6967869;-5,1863;0,9511175;0;0;0;0;0;-1;-1;0
5,022302;-0,6967869;-5,1863;0,9511175;0;0;0;0;0;-1;-1;0
5,038856;-0,6967869;-5,1863;0,9511175;0;0;0;0;0;-1;-1;0
5,056119;-0,6967869;-5,1863;0,9511175;0;0;0;0;0;-1;-1;0
5,067013;-0,6967869;-5,1863;0,9511175;0;0;0;0;0;-1;-1;0
5,084178;-0,6967869;-5,1863;0,9511175;0;0;0;0;0;-1;-1;0
5,094357;-0,6967869;-5,1863;0,9511175;0;0;0;0;0;-1;-1;0
5,111751;-0,6967869;-5,1863;0,9511175;0;0;0;0;0;-1;-1;0
5,133757;-0,6967869;-5,1863;0,9511175;0;0;0;0;0;-1;-1;0
5,144987;-0,6967869;-5,1863;0,9511175;0;0;0;0;0;-1;-1;0
5,155195;-0,6967869;-5,1863;0,9511175;0;0;0;0;0;-1;-1;0
5,1667;-0,6967869;-5,1863;0,9511175;0;0;0;0;0;-1;-1;0
5,180572;-0,6967869;-5,1863;0,9511175;0;0;0;0;0;-1;-1;0
5,19296;-0,6967869;-5,1863;0,9511175;0;0;0;0;0;-1;-1;0
5,203738;-0,6967869;-5,1863;0,9511175;0;0;0;0;0;-1;-1;0
5,216348;-0,6967869;-5,1863;0,9511175;0;0;0;0;0;-1;-1;0
5,228014;-0,6967869;-5,1863;0,9511175;0;0;0;0;0;-1;-1;0
5,23907;-0,6967869;-5,1863;0,9511175;0;0;0;0;0;-1;-1;0
5,252108;-0,6967869;-5,1863;0,9511175;0;0;0;0;0;-1;-1;0
5,263685;-0,6967869;-5,1863;0,9511175;0;0;0;0;0;-1;-1;0
5,27741;-0,6967869;-5,1863;0,9511175;0;0;0;0;0;-1;-1;0
5,28904;-0,6967869;-5,1863;0,9511175;0;0;0;0;0;-1;-1;0
5,30156;-0,6967869;-5,1863;0,9511175;0;0;0;0;0;-1;-1;0
5,316331;-0,6967869;-5,1863;0,9511175;0;0;0;0;0;-1;-1;0
5,32944;-0,6967869;-5,1863;0,9511175;0;0;0;0;0;-1;-1;0
5,340841;-0,6967869;-5,1863;0,9511175;0;0;0;0;0;-1;-1;0
5,352617;-0,6967869;-5,1863;0,9511175;0;0;0;0;0;-1;-1;0
5,365151;-0,6967869;-5,1863;0,9511175;0;0;0;0;0;-1;-1;0
5,37646;-0,6967869;-5,1863;0,9511175;0;0;0;0;0;-1;-1;0
5,38682;-0,6967869;-5,1863;0,9511175;0;0;0;0;0;-1;-1;0
5,397088;-0,6967869;-5,1863;0,9511175;0;0;0;0;0;-1;-1;0
5,414865;-0,6967869;-5,1863;0,9511175;0;0;0;0;0;-1;-1;0
5,428911;-0,6967869;-5,1863;0,9511175;0;0;0;0;0;-1;-1;0
5,44119;-0,6967869;-5,1863;0,9511175;0;0;0;0;0;-1;-1;0
5,458315;-0,6967869;-5,1863;0,9511175;0;0;0;0;0;-1;-1;0
5,468559;-0,6967869;-5,1863;0,9511175;0;0;0;0;0;-1;-1;0
5,479092;-0,6967869;-5,1863;0,9511175;0;0;0;0;0;-1;-1;0
5,490287;-0,6967869;-5,1863;0,9511175;0;0;0;0;0;-1;-1;0
5,501329;-0,6967869;-5,1863;0,9511175;0;0;0;0;0;-1;-1;0
5,518414;-0,6967869;-5,1863;0,9511175;0;0;0;0;0;-1;-1;0
5,529078;-0,6967869;-5,1863;0,9511175;0;0;0;0;0;-1;-1;0
5,540781;-0,6967869;-5,1863;0,9511175;0;0;0;0;0;-1;-1;0
5,552558;-0,6967869;-5,1863;0,9511175;0;0;0;0;0;-1;-1;0
5,564457;-0,6967869;-5,1863;0,9511175;0;0;0;0;0;-1;-1;0
5,5769;-0,6967869;-5,1863;0,9511175;0;0;0;0;0;-1;-1;0
5,590034;-0,6967869;-5,1863;0,9511175;0;0;0;0;0;-1;-1;0
5,602904;-0,6967869;-5,1863;0,9511175;0;0;0;0;0;-1;-1;0
5,616151;-0,6967869;-5,1863;0,9511175;0;0;0;0;0;-1;-1;0
5,629219;-0,6967869;-5,1863;0,9511175;0;0;0;0;0;-1;-1;0
5,641918;-0,6967869;-5,1863;0,9511175;0;0;0;0;0;-1;-1;0
5,653143;-0,6967869;-5,1863;0,9511175;0;0;0;0;0;-1;-1;0
5,664959;-0,6967869;-5,1863;0,9511175;0;0;0;0;0;-1;-1;0
5,678283;-0,6967869;-5,1863;0,9511175;0;0;0;0;0;-1;-1;0
5,690953;-0,6967869;-5,1863;0,9511175;0;0;0;0;0;-1;-1;0
5,702796;-0,6967869;-5,1863;0,9511175;0;0;0;0;0;-1;-1;0
5,714013;-0,6967869;-5,1863;0,9511175;0;0;0;0;0;-1;-1;0
5,728658;-0,6967869;-5,1863;0,9511175;0;0;0;0;0;-1;-1;0
5,741833;-0,6967869;-5,1863;0,9511175;0;0;0;0;0;-1;-1;0
5,753273;-0,6967869;-5,1863;0,9511175;0;0;0;0;0;-1;-1;0
5,770284;-0,6967869;-5,1863;0,9511175;0;0;0;0;0;-1;-1;0
5,782948;-0,6967869;-5,1863;0,9511175;0;0;0;0;0;-1;-1;0
5,794465;-0,6967869;-5,1863;0,9511175;0;0;0;0;0;-1;-1;0
5,811893;-0,6967869;-5,1863;0,9511175;0;0;0;0;0;-1;-1;0
5,829248;-0,6967869;-5,1863;0,9511175;0;0;0;0;0;-1;-1;0
5,83935;-0,6967869;-5,1863;0,9511175;0;0;0;0;0;-1;-1;0
5,854647;-0,6967869;-5,1863;0,9511175;0;0;0;0;0;-1;-1;0
5,865028;-0,6967869;-5,1863;0,9511175;0;0;0;0;0;-1;-1;0
5,882086;-0,6967869;-5,1863;0,9511175;0;0;0;0;0;-1;-1;0
5,894664;-0,6967869;-5,1863;0,9511175;0;0;0;0;0;-1;-1;0
5,907133;-0,6967869;-5,1863;0,9511175;0;0;0;0;0;-1;-1;0
5,924778;-0,6967869;-5,1863;0,9511175;0;0;0;0;0;-1;-1;0
5,942404;-0,6967869;-5,1863;0,9511175;0;0;0;0;0;-1;-1;0
5,9595;-0,6967869;-5,1863;0,9511175;0;0;0;0;0;-1;-1;0
5,971072;-0,6967869;-5,1863;0,9511175;0;0;0;0;0;-1;-1;0
5,988776;-0,6967869;-5,1863;0,9511175;0;0;0;0;0;-1;-1;0
6,006127;-0,6967869;-5,1863;0,9511175;0;0;0;0;0;-1;-1;0
6,016745;-0,6967869;-5,1863;0,9511175;0;0;0;0;0;-1;-1;0
6,034061;-0,6967869;-5,1863;0,9511175;0;0;0;0;0;-1;-1;0
6,046568;-0,6967869;-5,1863;0,9511175;0;0;0;0;0;-1;-1;0
6,063683;-0,6967869;-5,1863;0,9511175;0;0;0;0;0;-1;-1;0
6,081194;-0,6967869;-5,1863;0,9511175;0;0;0;0;0;-1;-1;0
6,092741;-0,6967869;-5,1863;0,9511175;0;0;0;0;0;-1;-1;0
6,109978;-0,6967869;-5,1863;0,9511175;0;0;0;0;0;-1;-1;0
6,120069;-0,6967869;-5,1863;0,9511175;0;0;0;0;0;-1;-1;0
6,134386;-0,6967869;-5,1863;0,9511175;0;0;0;0;0;-1;-1;0
6,149312;-0,6967869;-5,1863;0,9511175;0;0;0;0;0;-1;-1;0
6,159404;-0,6967869;-5,1863;0,9511175;0;0;0;0;0;-1;-1;0
6,1742;-0,6967869;-5,1863;0,9511175;0;0;0;0;0;-1;-1;0
6,194368;-0,6967869;-5,1863;0,9511175;0;0;0;0;0;-1;-1;0
6,212416;-0,6967869;-5,1863;0,9511175;0;0;0;0;0;-1;-1;0
6,222634;-0,6967869;-5,1863;0,9511175;0;0;0;0;0;-1;-1;0
6,239596;-0,6967869;-5,1863;0,9511175;0;0;0;0;0;-1;-1;0
6,256702;-0,6967869;-5,1863;0,9511175;0;0;0;0;0;-1;-1;0
6,268021;-0,6967869;-5,1863;0,9511175;0;0;0;0;0;-1;-1;0
6,279133;-0,6967869;-5,1863;0,9511175;0;0;0;0;0;-1;-1;0
6,28955;-0,6967869;-5,1863;0,9511175;0;0;0;0;0;-1;-1;0
6,306437;-0,6967869;-5,1863;0,9511175;0;0;0;0;0;-1;-1;0
6,324323;-0,6967869;-5,1863;0,9511175;0;0;0;0;0;-1;-1;0
6,344734;-0,6967869;-5,1863;0,9511175;0;0;0;0;0;-1;-1;0
6,361554;-0,6967869;-5,1863;0,9511175;0;0;0;0;0;-1;-1;0
6,373153;-0,6967869;-5,1863;0,9511175;0;0;0;0;0;-1;-1;0
6,384679;-0,6967869;-5,1863;0,9511175;0;0;0;0;0;-1;-1;0
6,395439;-0,6967869;-5,1863;0,9511175;0;0;0;0;0;-1;-1;0
6,412681;-0,6967869;-5,1863;0,9511175;0;0;0;0;0;-1;-1;0
6,423003;-0,6967869;-5,1863;0,9511175;0;0;0;0;0;-1;-1;0
6,433176;-0,6967869;-5,1863;0,9511175;0;0;0;0;0;-1;-1;0
6,443436;-0,6967869;-5,1863;0,9511175;0;0;0;0;0;-1;-1;0
6,453878;-0,6967869;-5,1863;0,9511175;0;0;0;0;0;-1;-1;0
6,463952;-0,6967869;-5,1863;0,9511175;0;0;0;0;0;-1;-1;0
6,47415;-0,6967869;-5,1863;0,9511175;0;0;0;0;0;-1;-1;0
6,484501;-0,6967869;-5,1863;0,9511175;0;0;0;0;0;-1;-1;0
6,49727;-0,6967869;-5,1863;0,9511175;0;0;0;0;0;-1;-1;0
6,508032;-0,6967869;-5,1863;0,9511175;0;0;0;0;0;-1;-1;0
6,518089;-0,6967869;-5,1863;0,9511175;0;0;0;0;0;-1;-1;0
6,529207;-0,6967869;-5,1863;0,9511175;0;0;0;0;0;-1;-1;0
6,540148;-0,6967869;-5,1863;0,9511175;0;0;0;0;0;-1;-1;0
6,552354;-0,6967869;-5,1863;0,9511175;0;0;0;0;0;-1;-1;0
6,562523;-0,6967869;-5,1863;0,9511175;0;0;0;0;0;-1;-1;0
6,573506;-0,6967869;-5,1863;0,9511175;0;0;0;0;0;-1;-1;0
6,585255;-0,6967869;-5,1863;0,9511175;0;0;0;0;0;-1;-1;0
6,596143;-0,6967869;-5,1863;0,9511175;0;0;0;0;0;-1;-1;0
6,606661;-0,6967869;-5,1863;0,9511175;0;0;0;0;0;-1;-1;0
6,618263;-0,6967869;-5,1863;0,9511175;0;0;0;0;0;-1;-1;0
6,630474;-0,6967869;-5,1863;0,9511175;0;0;0;0;0;-1;-1;0
6,640511;-0,6967869;-5,1863;0,9511175;0;0;0;0;0;-1;-1;0
6,654291;-0,6967869;-5,1863;0,9511175;0;0;0;0;0;-1;-1;0
6,666874;-0,6967869;-5,1863;0,9511175;0;0;0;0;0;-1;-1;0
6,678331;-0,6967869;-5,1863;0,9511175;0;0;0;0;0;-1;-1;0
6,691235;-0,6967869;-5,1863;0,9511175;0;0;0;0;0;-1;-1;0
6,701242;-0,6967869;-5,1863;0,9511175;0;0;0;0;0;-1;-1;0
6,718425;-0,6967869;-5,1863;0,9511175;0;0;0;0;0;-1;-1;0
6,735532;-0,6967869;-5,1863;0,9511175;0;0;0;0;0;-1;-1;0
6,747442;-0,6967869;-5,1863;0,9511175;0;0;0;0;0;-1;-1;0
6,757987;-0,6967869;-5,1863;0,9511175;0;0;0;0;0;-1;-1;0
6,768495;-0,6967869;-5,1863;0,9511175;0;0;0;0;0;-1;-1;0
6,786578;-0,6967869;-5,1863;0,9511175;0;0;0;0;0;-1;-1;0
6,797159;-0,6967869;-5,1863;0,9511175;0;0;0;0;0;-1;-1;0
6,810391;-0,6967869;-5,1863;0,9511175;0;0;0;0;0;-1;-1;0
6,82764;-0,6967869;-5,1863;0,9511175;0;0;0;0;0;-1;-1;0
6,845776;-0,6967869;-5,1863;0,9511175;0;0;0;0;0;-1;-1;0
6,863716;-0,6967869;-5,1863;0,9511175;0;0;0;0;0;-1;-1;0
6,880995;-0,6967869;-5,1863;0,9511175;0;0;0;0;0;-1;-1;0
6,89165;-0,6967869;-5,1863;0,9511175;0;0;0;0;0;-1;-1;0
6,901685;-0,6967869;-5,1863;0,9511175;0;0;0;0;0;-1;-1;0
6,91875;-0,6967869;-5,1863;0,9511175;0;0;0;0;0;-1;-1;0
6,9293;-0,6967869;-5,1863;0,9511175;0;0;0;0;0;-1;-1;0
6,946812;-0,6967869;-5,1863;0,9511175;0;0;0;0;0;-1;-1;0
6,957232;-0,6967869;-5,1863;0,9511175;0;0;0;0;0;-1;-1;0
6,970041;-0,6967869;-5,1863;0,9511175;0;0;0;0;0;-1;-1;0
6,980377;-0,6967869;-5,1863;0,9511175;0;0;0;0;0;-1;-1;0
6,994188;-0,6967869;-5,1863;0,9511175;0;0;0;0;0;-1;-1;0
7,011053;-0,6967869;-5,1863;0,9511175;0;0;0;0;0;-1;-1;0
7,023359;-0,6967869;-5,1863;0,9511175;0;0;0;0;0;-1;-1;0
7,034377;-0,6967869;-5,1863;0,9511175;0;0;0;0;0;-1;-1;0
7,046195;-0,6967869;-5,1863;0,9511175;0;0;0;0;0;-1;-1;0
7,0639;-0,6967869;-5,1863;0,9511175;0;0;0;0;0;-1;-1;0
7,081456;-0,6967869;-5,1863;0,9511175;0;0;0;0;0;-1;-1;0
7,092027;-0,6967869;-5,1863;0,9511175;0;0;0;0;0;-1;-1;0
7,109097;-0,6967869;-5,1863;0,9511175;0;0;0;0;0;-1;-1;0
7,120473;-0,6967869;-5,1863;0,9511175;0;0;0;0;0;-1;-1;0
7,130807;-0,6967869;-5,1863;0,9511175;0;0;0;0;0;-1;-1;0
7,148237;-0,6967869;-5,1863;0,9511175;0;0;0;0;0;-1;-1;0
7,16227;-0,6967869;-5,1863;0,9511175;0;0;0;0;0;-1;-1;0
7,231476;-0,6967869;-5,1863;0,9511175;0;0;0;0;0;-1;-1;0
7,241785;-0,6967869;-5,1863;0,9511175;0;0;0;0;0;-1;-1;0
7,251951;-0,6967869;-5,1863;0,9511175;0;0;0;0;0;-1;-1;0
7,271496;-0,6967869;-5,1863;0,9511175;0;0;0;0;0;-1;-1;0
7,281971;-0,6967869;-5,1863;0,9511175;0;0;0;0;0;-1;-1;0
7,293103;-0,6967869;-5,1863;0,9511175;0;0;0;0;0;-1;-1;0
7,310256;-0,6967869;-5,1863;0,9511175;0;0;0;0;0;-1;-1;0
7,327869;-0,6967869;-5,1863;0,9511175;0;0;0;0;0;-1;-1;0
7,345512;-0,6967869;-5,1863;0,9511175;0;0;0;0;0;-1;-1;0
7,363547;-0,6967869;-5,1863;0,9511175;0;0;0;0;0;-1;-1;0
7,373559;-0,6967869;-5,1863;0,9511175;0;0;0;0;0;-1;-1;0
7,387474;-0,6967869;-5,1863;0,9511175;0;0;0;0;0;-1;-1;0
7,398525;-0,6967869;-5,1863;0,9511175;0;0;0;0;0;-1;-1;0
7,411915;-0,6967869;-5,1863;0,9511175;0;0;0;0;0;-1;-1;0
7,426162;-0,6967869;-5,1863;0,9511175;0;0;0;0;0;-1;-1;0
7,444749;-0,6967869;-5,1863;0,9511175;0;0;0;0;0;-1;-1;0
7,455689;-0,6967869;-5,1863;0,9511175;0;0;0;0;0;-1;-1;0
7,466678;-0,6967869;-5,1863;0,9511175;0;0;0;0;0;-1;-1;0
7,477502;-0,6967869;-5,1863;0,9511175;0;0;0;0;0;-1;-1;0
7,489555;-0,6967869;-5,1863;0,9511175;0;0;0;0;0;-1;-1;0
7,507189;-0,6967869;-5,1863;0,9511175;0;0;0;0;0;-1;-1;0
7,518619;-0,6967869;-5,1863;0,9511175;0;0;0;0;0;-1;-1;0
7,529623;-0,6967869;-5,1863;0,9511175;0;0;0;0;0;-1;-1;0
7,547451;-0,6967869;-5,1863;0,9511175;0;0;0;0;0;-1;-1;0
7,565323;-0,6967869;-5,1863;0,9511175;0;0;0;0;0;-1;-1;0
7,577516;-0,6967869;-5,1863;0,9511175;0;0;0;0;0;-1;-1;0
7,595055;-0,6967869;-5,1863;0,9511175;0;0;0;0;0;-1;-1;0
7,605564;-0,6967869;-5,1863;0,9511175;0;0;0;0;0;-1;-1;0
7,615843;-0,6967869;-5,1863;0,9511175;0;0;0;0;0;-1;-1;0
7,632712;-0,6967869;-5,1863;0,9511175;0;0;0;0;0;-1;-1;0
7,643092;-0,6967869;-5,1863;0,9511175;0;0;0;0;0;-1;-1;0
7,653171;-0,6967869;-5,1863;0,9511175;0;0;0;0;0;-1;-1;0
7,663175;-0,6967869;-5,1863;0,9511175;0;0;0;0;0;-1;-1;0
7,679905;-0,6967869;-5,1863;0,9511175;0;0;0;0;0;-1;-1;0
7,692218;-0,6967869;-5,1863;0,9511175;0;0;0;0;0;-1;-1;0
7,710021;-0,6967869;-5,1863;0,9511175;0;0;0;0;0;-1;-1;0
7,72028;-0,6967869;-5,1863;0,9511175;0;0;0;0;0;-1;-1;0
7,73139;-0,6967869;-5,1863;0,9511175;0;0;0;0;0;-1;-1;0
7,748915;-0,6967869;-5,1863;0,9511175;0;0;0;0;0;-1;-1;0
7,766334;-0,6967869;-5,1863;0,9511175;0;0;0;0;0;-1;-1;0
7,776945;-0,6967869;-5,1863;0,9511175;0;0;0;0;0;-1;-1;0
7,789248;-0,6967869;-5,1863;0,9511175;0;0;0;0;0;-1;-1;0
7,806242;-0,6967869;-5,1863;0,9511175;0;0;0;0;0;-1;-1;0
7,816374;-0,6967869;-5,1863;0,9511175;0;0;0;0;0;-1;-1;0
7,832821;-0,6967869;-5,1863;0,9511175;0;0;0;0;0;-1;-1;0
7,843002;-0,6967869;-5,1863;0,9511175;0;0;0;0;0;-1;-1;0
7,86007;-0,6967869;-5,1863;0,9511175;0;0;0;0;0;-1;-1;0
7,871655;-0,6967869;-5,1863;0,9511175;0;0;0;0;0;-1;-1;0
7,883951;-0,6967869;-5,1863;0,9511175;0;0;0;0;0;-1;-1;0
7,900924;-0,6967869;-5,1863;0,9511175;0;0;0;0;0;-1;-1;0
7,914999;-0,6967869;-5,1863;0,9511175;0;0;0;0;0;-1;-1;0
7,927429;-0,6967869;-5,1863;0,9511175;0;0;0;0;0;-1;-1;0
7,939279;-0,6967869;-5,1863;0,9511175;0;0;0;0;0;-1;-1;0
7,951237;-0,6967869;-5,1863;0,9511175;0;0;0;0;0;-1;-1;0
7,963006;-0,6967869;-5,1863;0,9511175;0;0;0;0;0;-1;-1;0
7,97668;-0,6967869;-5,1863;0,9511175;0;0;0;0;0;-1;-1;0
7,990142;-0,6967869;-5,1863;0,9511175;0;0;0;0;0;-1;-1;0
8,001901;-0,6967869;-5,1863;0,9511175;0;0;0;0;0;-1;-1;0
8,013955;-0,6967869;-5,1863;0,9511175;0;0;0;0;0;-1;-1;0
8,032677;-0,6967869;-5,1863;0,9511175;0;0;0;0;0;-1;-1;0
8,052192;-0,6967869;-5,1863;0,9511175;0;0;0;0;0;-1;-1;0
8,071084;-0,6967869;-5,1863;0,9511175;0;0;0;0;0;-1;-1;0
8,083196;-0,6967869;-5,1863;0,9511175;0;0;0;0;0;-1;-1;0
8,095277;-0,6967869;-5,1863;0,9511175;0;0;0;0;0;-1;-1;0
8,108423;-0,6967869;-5,1863;0,9511175;0;0;0;0;0;-1;-1;0
8,119654;-0,6967869;-5,1863;0,9511175;0;0;0;0;0;-1;-1;0
8,134701;-0,6967869;-5,1863;0,9511175;0;0;0;0;0;-1;-1;0
8,153121;-0,6967869;-5,1863;0,9511175;0;0;0;0;0;-1;-1;0
8,165775;-0,6967869;-5,1863;0,9511175;0;0;0;0;0;-1;-1;0
8,183483;-0,6967869;-5,1863;0,9511175;0;0;0;0;0;-1;-1;0
8,202767;-0,6967869;-5,1863;0,9511175;0;0;0;0;0;-1;-1;0
8,214635;-0,6967869;-5,1863;0,9511175;0;0;0;0;0;-1;-1;0
8,227898;-0,6967869;-5,1863;0,9511175;0;0;0;0;0;-1;-1;0
8,239756;-0,6967869;-5,1863;0,9511175;0;0;0;0;0;-1;-1;0
8,2565;-0,6967869;-5,1863;0,9511175;0;0;0;0;0;-1;-1;0
8,26882;-0,6967869;-5,1863;0,9511175;0;0;0;0;0;-1;-1;0
8,281369;-0,6967869;-5,1863;0,9511175;0;0;0;0;0;-1;-1;0
8,294877;-0,6967869;-5,1863;0,9511175;0;0;0;0;0;-1;-1;0
8,309681;-0,6967869;-5,1863;0,9511175;0;0;0;0;0;-1;-1;0
8,321895;-0,6967869;-5,1863;0,9511175;0;0;0;0;0;-1;-1;0
8,337675;-0,6967869;-5,1863;0,9511175;0;0;0;0;0;-1;-1;0
8,357217;-0,6967869;-5,1863;0,9511175;0;0;0;0;0;-1;-1;0
8,37164;-0,6967869;-5,1863;0,9511175;0;0;0;0;0;-1;-1;0
8,385535;-0,6967869;-5,1863;0,9511175;0;0;0;0;0;-1;-1;0
8,400751;-0,6967869;-5,1863;0,9511175;0;0;0;0;0;-1;-1;0
8,412606;-0,6967869;-5,1863;0,9511175;0;0;0;0;0;-1;-1;0
8,424039;-0,6967869;-5,1863;0,9511175;0;0;0;0;0;-1;-1;0
8,43567;-0,6967869;-5,1863;0,9511175;0;0;0;0;0;-1;-1;0
8,448125;-0,6967869;-5,1863;0,9511175;0;0;0;0;0;-1;-1;0
8,460564;-0,6967869;-5,1863;0,9511175;0;0;0;0;0;-1;-1;0
8,474082;-0,6967869;-5,1863;0,9511175;0;0;0;0;0;-1;-1;0
8,486124;-0,6967869;-5,1863;0,9511175;0;0;0;0;0;-1;-1;0
8,500797;-0,6967869;-5,1863;0,9511175;0;0;0;0;0;-1;-1;0
8,519978;-0,6967869;-5,1863;0,9511175;0;0;0;0;0;-1;-1;0
8,534616;-0,6967869;-5,1863;0,9511175;0;0;0;0;0;-1;-1;0
8,549611;-0,6967869;-5,1863;0,9511175;0;0;0;0;0;-1;-1;0
8,562078;-0,6967869;-5,1863;0,9511175;0;0;0;0;0;-1;-1;0
8,574692;-0,6967869;-5,1863;0,9511175;0;0;0;0;0;-1;-1;0
8,586618;-0,6967869;-5,1863;0,9511175;0;0;0;0;0;-1;-1;0
8,598524;-0,6967869;-5,1863;0,9511175;0;0;0;0;0;-1;-1;0
8,611741;-0,6967869;-5,1863;0,9511175;0;0;0;0;0;-1;-1;0
8,624154;-0,6967869;-5,1863;0,9511175;0;0;0;0;0;-1;-1;0
8,637025;-0,6967869;-5,1863;0,9511175;0;0;0;0;0;-1;-1;0
8,651156;-0,6967869;-5,1863;0,9511175;0;0;0;0;0;-1;-1;0
8,67036;-0,6967869;-5,1863;0,9511175;0;0;0;0;0;-1;-1;0
8,681488;-0,6967869;-5,1863;0,9511175;0;0;0;0;0;-1;-1;0
8,697913;-0,6967869;-5,1863;0,9511175;0;0;0;0;0;-1;-1;0
8,711702;-0,6967869;-5,1863;0,9511175;0;0;0;0;0;-1;-1;0
8,722178;-0,6967869;-5,1863;0,9511175;0;0;0;0;0;-1;-1;0
8,7326;-0,6967869;-5,1863;0,9511175;0;0;0;0;0;-1;-1;0
8,749577;-0,6967869;-5,1863;0,9511175;0;0;0;0;0;-1;-1;0
8,766144;-0,6967869;-5,1863;0,9511175;0;0;0;0;0;-1;-1;0
8,776429;-0,6967869;-5,1863;0,9511175;0;0;0;0;0;-1;-1;0
8,786915;-0,6967869;-5,1863;0,9511175;0;0;0;0;0;-1;-1;0
8,803326;-0,6967869;-5,1863;0,9511175;0;0;0;0;0;-1;-1;0
8,820483;-0,6967869;-5,1863;0,9511175;0;0;0;0;0;-1;-1;0
8,837668;-0,6967869;-5,1863;0,9511175;0;0;0;0;0;-1;-1;0
8,850223;-0,6967869;-5,1863;0,9511175;0;0;0;0;0;-1;-1;0
8,860988;-0,6967869;-5,1863;0,9511175;0;0;0;0;0;-1;-1;0
8,872761;-0,6967869;-5,1863;0,9511175;0;0;0;0;0;-1;-1;0
8,889896;-0,6967869;-5,1863;0,9511175;0;0;0;0;0;-1;-1;0
8,901735;-0,6967869;-5,1863;0,9511175;0;0;0;0;0;-1;-1;0
8,911779;-0,6967869;-5,1863;0,9511175;0;0;0;0;0;-1;-1;0
8,927959;-0,6967869;-5,1863;0,9511175;0;0;0;0;0;-1;-1;0
8,93834;-0,6967869;-5,1863;0,9511175;0;0;0;0;0;-1;-1;0
8,951214;-0,6967869;-5,1863;0,9511175;0;0;0;0;0;-1;-1;0
8,968467;-0,6967869;-5,1863;0,9511175;0;0;0;0;0;-1;-1;0
8,981504;-0,6967869;-5,1863;0,9511175;0;0;0;0;0;-1;-1;0
8,992751;-0,6967869;-5,1863;0,9511175;0;0;0;0;0;-1;-1;0
9,004578;-0,6967869;-5,1863;0,9511175;0;0;0;0;0;-1;-1;0
9,018643;-0,6967869;-5,1863;0,9511175;0;0;0;0;0;-1;-1;0
9,031535;-0,6967869;-5,1863;0,9511175;0;0;0;0;0;-1;-1;0
9,043563;-0,6967869;-5,1863;0,9511175;0;0;0;0;0;-1;-1;0
9,054726;-0,6967869;-5,1863;0,9511175;0;0;0;0;0;-1;-1;0
9,067431;-0,6967869;-5,1863;0,9511175;0;0;0;0;0;-1;-1;0
9,079964;-0,6967869;-5,1863;0,9511175;0;0;0;0;0;-1;-1;0
9,093951;-0,6967869;-5,1863;0,9511175;0;0;0;0;0;-1;-1;0
9,104845;-0,6967869;-5,1863;0,9511175;0;0;0;0;0;-1;-1;0
9,115412;-0,6967869;-5,1863;0,9511175;0;0;0;0;0;-1;-1;0
9,127055;-0,6967869;-5,1863;0,9511175;0;0;0;0;0;-1;-1;0
9,138591;-0,6967869;-5,1863;0,9511175;0;0;0;0;0;-1;-1;0
9,15162;-0,6967869;-5,1863;0,9511175;0;0;0;0;0;-1;-1;0
9,163734;-0,6967869;-5,1863;0,9511175;0;0;0;0;0;-1;-1;0
9,175564;-0,6967869;-5,1863;0,9511175;0;0;0;0;0;-1;-1;0
9,18912;-0,6967869;-5,1863;0,9511175;0;0;0;0;0;-1;-1;0
9,20063;-0,6967869;-5,1863;0,9511175;0;0;0;0;0;-1;-1;0
9,21397;-0,6967869;-5,1863;0,9511175;0;0;0;0;0;-1;-1;0
9,225468;-0,6967869;-5,1863;0,9511175;0;0;0;0;0;-1;-1;0
9,238503;-0,6967869;-5,1863;0,9511175;0;0;0;0;0;-1;-1;0
9,253048;-0,6967869;-5,1863;0,9511175;0;0;0;0;0;-1;-1;0
9,264908;-0,6967869;-5,1863;0,9511175;0;0;0;0;0;-1;-1;0
9,277441;-0,6967869;-5,1863;0,9511175;0;0;0;0;0;-1;-1;0
9,296103;-0,6967869;-5,1863;0,9511175;0;0;0;0;0;-1;-1;0
9,307193;-0,6967869;-5,1863;0,9511175;0;0;0;0;0;-1;-1;0
9,319214;-0,6967869;-5,1863;0,9511175;0;0;0;0;0;-1;-1;0
9,334353;-0,6967869;-5,1863;0,9511175;0;0;0;0;0;-1;-1;0
9,346741;-0,6967869;-5,1863;0,9511175;0;0;0;0;0;-1;-1;0
9,359794;-0,6967869;-5,1863;0,9511175;0;0;0;0;0;-1;-1;0
9,37108;-0,6967869;-5,1863;0,9511175;0;0;0;0;0;-1;-1;0
9,381384;-0,6967869;-5,1863;0,9511175;0;0;0;0;0;-1;-1;0
9,398048;-0,6967869;-5,1863;0,9511175;0;0;0;0;0;-1;-1;0
9,416236;-0,6967869;-5,1863;0,9511175;0;0;0;0;0;-1;-1;0
9,429331;-0,6967869;-5,1863;0,9511175;0;0;0;0;0;-1;-1;0
9,440867;-0,6967869;-5,1863;0,9511175;0;0;0;0;0;-1;-1;0
9,452451;-0,6967869;-5,1863;0,9511175;0;0;0;0;0;-1;-1;0
9,468564;-0,6967869;-5,1863;0,9511175;0;0;0;0;0;-1;-1;0
9,479344;-0,6967869;-5,1863;0,9511175;0;0;0;0;0;-1;-1;0
9,489756;-0,6967869;-5,1863;0,9511175;0;0;0;0;0;-1;-1;0
9,499941;-0,6967869;-5,1863;0,9511175;0;0;0;0;0;-1;-1;0
9,516603;-0,6967869;-5,1863;0,9511175;0;0;0;0;0;-1;-1;0
9,526738;-0,6967869;-5,1863;0,9511175;0;0;0;0;0;-1;-1;0
9,546212;-0,6967869;-5,1863;0,9511175;0;0;0;0;0;-1;-1;0
9,557832;-0,6967869;-5,1863;0,9511175;0;0;0;0;0;-1;-1;0
9,56972;-0,6967869;-5,1863;0,9511175;0;0;0;0;0;-1;-1;0
9,582378;-0,6967869;-5,1863;0,9511175;0;0;0;0;0;-1;-1;0
9,597133;-0,6967869;-5,1863;0,9511175;0;0;0;0;0;-1;-1;0
9,611727;-0,6967869;-5,1863;0,9511175;0;0;0;0;0;-1;-1;0
9,63126;-0,6967869;-5,1863;0,9511175;0;0;0;0;0;-1;-1;0
9,649009;-0,6967869;-5,1863;0,9511175;0;0;0;0;0;-1;-1;0
9,660063;-0,6967869;-5,1863;0,9511175;0;0;0;0;0;-1;-1;0
9,671024;-0,6967869;-5,1863;0,9511175;0;0;0;0;0;-1;-1;0
9,682343;-0,6967869;-5,1863;0,9511175;0;0;0;0;0;-1;-1;0
9,694575;-0,6967869;-5,1863;0,9511175;0;0;0;0;0;-1;-1;0
9,707145;-0,6967869;-5,1863;0,9511175;0;0;0;0;0;-1;-1;0
9,719088;-0,6967869;-5,1863;0,9511175;0;0;0;0;0;-1;-1;0
9,730037;-0,6967869;-5,1863;0,9511175;0;0;0;0;0;-1;-1;0
9,748487;-0,6967869;-5,1863;0,9511175;0;0;0;0;0;-1;-1;0
9,759349;-0,6967869;-5,1863;0,9511175;0;0;0;0;0;-1;-1;0
9,777808;-0,6967869;-5,1863;0,9511175;0;0;0;0;0;-1;-1;0
9,794402;-0,6967869;-5,1863;0,9511175;0;0;0;0;0;-1;-1;0
9,813396;-0,6967869;-5,1863;0,9511175;0;0;0;0;0;-1;-1;0
9,824867;-0,6967869;-5,1863;0,9511175;0;0;0;0;0;-1;-1;0
9,836333;-0,6967869;-5,1863;0,9511175;0;0;0;0;0;-1;-1;0
9,85082;-0,6967869;-5,1863;0,9511175;0;0;0;0;0;-1;-1;0
9,863209;-0,6967869;-5,1863;0,9511175;0;0;0;0;0;-1;-1;0
9,875406;-0,6967869;-5,1863;0,9511175;0;0;0;0;0;-1;-1;0
9,897456;-0,6967869;-5,1863;0,9511175;0;0;0;0;0;-1;-1;0
9,917175;-0,6967869;-5,1863;0,9511175;0;0;0;0;0;-1;-1;0
9,93158;-0,6967869;-5,1863;0,9511175;0;0;0;0;0;-1;-1;0
9,945468;-0,6967869;-5,1863;0,9511175;0;0;0;0;0;-1;-1;0
9,959691;-0,6967869;-5,1863;0,9511175;0;0;0;0;0;-1;-1;0
9,972676;-0,6967869;-5,1863;0,9511175;0;0;0;0;0;-1;-1;0
9,985393;-0,6967869;-5,1863;0,9511175;0;0;0;0;0;-1;-1;0
9,996778;-0,6967869;-5,1863;0,9511175;0;0;0;0;0;-1;-1;0
10,00734;-0,6967869;-5,1863;0,9511175;0;0;0;0;0;-1;-1;0
10,01945;-0,6967869;-5,1863;0,9511175;0;0;0;0;0;-1;-1;0
10,03139;-0,6967869;-5,1863;0,9511175;0;0;0;0;0;-1;-1;0
10,04311;-0,6967869;-5,1863;0,9511175;0;0;0;0;0;-1;-1;0
10,06777;-0,6967869;-5,1863;0,9511175;0;0;0;0;0;-1;-1;0
10,08034;-0,6967869;-5,1863;0,9511175;0;0;0;0;0;-1;-1;0
10,09221;-0,6967869;-5,1863;0,9511175;0;0;0;0;0;-1;-1;0
10,10564;-0,6967869;-5,1863;0,9511175;0;0;0;0;0;-1;-1;0
10,11845;-0,6967869;-5,1863;0,9511175;0;0;0;0;0;-1;-1;0
10,13204;-0,6967869;-5,1863;0,9511175;0;0;0;0;0;-1;-1;0
10,14304;-0,6967869;-5,1863;0,9511175;0;0;0;0;0;-1;-1;0
10,15577;-0,6967869;-5,1863;0,9511175;0;0;0;0;0;-1;-1;0
10,16688;-0,6967869;-5,1863;0,9511175;0;0;0;0;0;-1;-1;0
10,17783;-0,6967869;-5,1863;0,9511175;0;0;0;0;0;-1;-1;0
10,1887;-0,6967869;-5,1863;0,9511175;0;0;0;0;0;-1;-1;0
10,2065;-0,6967869;-5,1863;0,9511175;0;0;0;0;0;-1;-1;0
10,22433;-0,6967869;-5,1863;0,9511175;0;0;0;0;0;-1;-1;0
10,23545;-0,6967869;-5,1863;0,9511175;0;0;0;0;0;-1;-1;0
10,24801;-0,6967869;-5,1863;0,9511175;0;0;0;0;0;-1;-1;0
10,25868;-0,6967869;-5,1863;0,9511175;0;0;0;0;0;-1;-1;0
10,27107;-0,6967869;-5,1863;0,9511175;0;0;0;0;0;-1;-1;0
10,2815;-0,6967869;-5,1863;0,9511175;0;0;0;0;0;-1;-1;0
10,29474;-0,6967869;-5,1863;0,9511175;0;0;0;0;0;-1;-1;0
10,30951;-0,6967869;-5,1863;0,9511175;0;0;0;0;0;-1;-1;0
10,32871;-0,6967869;-5,1863;0,9511175;0;0;0;0;0;-1;-1;0
10,33971;-0,6967869;-5,1863;0,9511175;0;0;0;0;0;-1;-1;0
10,36274;-0,6967869;-5,1863;0,9511175;0;0;0;0;0;-1;-1;0
10,38455;-0,6967869;-5,1863;0,9511175;0;0;0;0;0;-1;-1;0
10,39623;-0,6967869;-5,1863;0,9511175;0;0;0;0;0;-1;-1;0
10,41089;-0,6967869;-5,1863;0,9511175;0;0;0;0;0;-1;-1;0
10,42927;-0,6967869;-5,1863;0,9511175;0;0;0;0;0;-1;-1;0
10,44116;-0,6967869;-5,1863;0,9511175;0;0;0;0;0;-1;-1;0
10,45258;-0,6967869;-5,1863;0,9511175;0;0;0;0;0;-1;-1;0
10,46876;-0,6967869;-5,1863;0,9511175;0;0;0;0;0;-1;-1;0
10,47918;-0,6967869;-5,1863;0,9511175;0;0;0;0;0;-1;-1;0
10,48946;-0,6967869;-5,1863;0,9511175;0;0;0;0;0;-1;-1;0
10,50656;-0,6967869;-5,1863;0,9511175;0;0;0;0;0;-1;-1;0
10,51781;-0,6967869;-5,1863;0,9511175;0;0;0;0;0;-1;-1;0
10,53609;-0,6967869;-5,1863;0,9511175;0;0;0;0;0;-1;-1;0
10,54903;-0,6967869;-5,1863;0,9511175;0;0;0;0;0;-1;-1;0
10,55964;-0,6967869;-5,1863;0,9511175;0;0;0;0;0;-1;-1;0
10,57276;-0,6967869;-5,1863;0,9511175;0;0;0;0;0;-1;-1;0
10,5851;-0,6967869;-5,1863;0,9511175;0;0;0;0;0;-1;-1;0
10,59657;-0,6967869;-5,1863;0,9511175;0;0;0;0;0;-1;-1;0
10,60736;-0,6967869;-5,1863;0,9511175;0;0;0;0;0;-1;-1;0
10,6181;-0,6967869;-5,1863;0,9511175;0;0;0;0;0;-1;-1;0
10,63357;-0,6967869;-5,1863;0,9511175;0;0;0;0;0;-1;-1;0
10,64457;-0,6967869;-5,1863;0,9511175;0;0;0;0;0;-1;-1;0
10,6575;-0,6967869;-5,1863;0,9511175;0;0;0;0;0;-1;-1;0
10,67062;-0,6967869;-5,1863;0,9511175;0;0;0;0;0;-1;-1;0
10,68833;-0,6967869;-5,1863;0,9511175;0;0;0;0;0;-1;-1;0
10,69942;-0,6967869;-5,1863;0,9511175;0;0;0;0;0;-1;-1;0
10,71743;-0,6967869;-5,1863;0,9511175;0;0;0;0;0;-1;-1;0
10,72861;-0,6967869;-5,1863;0,9511175;0;0;0;0;0;-1;-1;0
10,73866;-0,6967869;-5,1863;0,9511175;0;0;0;0;0;-1;-1;0
10,74959;-0,6967869;-5,1863;0,9511175;0;0;0;0;0;-1;-1;0
10,76626;-0,6967869;-5,1863;0,9511175;0;0;0;0;0;-1;-1;0
10,77643;-0,6967869;-5,1863;0,9511175;0;0;0;0;0;-1;-1;0
10,78651;-0,6967869;-5,1863;0,9511175;0;0;0;0;0;-1;-1;0
10,80279;-0,6967869;-5,1863;0,9511175;0;0;0;0;0;-1;-1;0
10,82006;-0,6967869;-5,1863;0,9511175;0;0;0;0;0;-1;-1;0
10,83027;-0,6967869;-5,1863;0,9511175;0;0;0;0;0;-1;-1;0
10,84544;-0,6967869;-5,1863;0,9511175;0;0;0;0;0;-1;-1;0
10,85842;-0,6967869;-5,1863;0,9511175;0;0;0;0;0;-1;-1;0
10,86993;-0,6967869;-5,1863;0,9511175;0;0;0;0;0;-1;-1;0
10,88031;-0,6967869;-5,1863;0,9511175;0;0;0;0;0;-1;-1;0
10,89763;-0,6967869;-5,1863;0,9511175;0;0;0;0;0;-1;-1;0
10,90872;-0,6967869;-5,1863;0,9511175;0;0;0;0;0;-1;-1;0
10,9261;-0,6967869;-5,1863;0,9511175;0;0;0;0;0;-1;-1;0
10,93827;-0,6967869;-5,1863;0,9511175;0;0;0;0;0;-1;-1;0
10,94967;-0,6967869;-5,1863;0,9511175;0;0;0;0;0;-1;-1;0
10,96669;-0,6967869;-5,1863;0,9511175;0;0;0;0;0;-1;-1;0
10,97817;-0,6967869;-5,1863;0,9511175;0;0;0;0;0;-1;-1;0
10,99088;-0,6967869;-5,1863;0,9511175;0;0;0;0;0;-1;-1;0
11,00677;-0,6967869;-5,1863;0,9511175;0;0;0;0;0;-1;-1;0
11,01931;-0,6967869;-5,1863;0,9511175;0;0;0;0;0;-1;-1;0
11,03041;-0,6967869;-5,1863;0,9511175;0;0;0;0;0;-1;-1;0
11,04152;-0,6967869;-5,1863;0,9511175;0;0;0;0;0;-1;-1;0
11,05373;-0,6967869;-5,1863;0,9511175;0;0;0;0;0;-1;-1;0
11,06481;-0,6967869;-5,1863;0,9511175;0;0;0;0;0;-1;-1;0
11,07574;-0,6967869;-5,1863;0,9511175;0;0;0;0;0;-1;-1;0
11,08663;-0,6967869;-5,1863;0,9511175;0;0;0;0;0;-1;-1;0
11,10515;-0,6967869;-5,1863;0,9511175;0;0;0;0;0;-1;-1;0
11,11635;-0,6967869;-5,1863;0,9511175;0;0;0;0;0;-1;-1;0
11,12717;-0,6967869;-5,1863;0,9511175;0;0;0;0;0;-1;-1;0
11,13864;-0,6967869;-5,1863;0,9511175;0;0;0;0;0;-1;-1;0
11,15141;-0,6967869;-5,1863;0,9511175;0;0;0;0;0;-1;-1;0
11,16987;-0,6967869;-5,1863;0,9511175;0;0;0;0;0;-1;-1;0
11,18726;-0,6967869;-5,1863;0,9511175;0;0;0;0;0;-1;-1;0
11,1978;-0,6967869;-5,1863;0,9511175;0;0;0;0;0;-1;-1;0
11,20928;-0,6967869;-5,1863;0,9511175;0;0;0;0;0;-1;-1;0
11,22175;-0,6967869;-5,1863;0,9511175;0;0;0;0;0;-1;-1;0
11,23877;-0,6967869;-5,1863;0,9511175;0;0;0;0;0;-1;-1;0
11,25719;-0,6967869;-5,1863;0,9511175;0;0;0;0;0;-1;-1;0
11,27008;-0,6967869;-5,1863;0,9511175;0;0;0;0;0;-1;-1;0
11,28061;-0,6967869;-5,1863;0,9511175;0;0;0;0;0;-1;-1;0
11,29186;-0,6967869;-5,1863;0,9511175;0;0;0;0;0;-1;-1;0
11,30311;-0,6967869;-5,1863;0,9511175;0;0;0;0;0;-1;-1;0
11,31942;-0,6967869;-5,1863;0,9511175;0;0;0;0;0;-1;-1;0
11,33369;-0,6967869;-5,1863;0,9511175;0;0;0;0;0;-1;-1;0
11,3458;-0,6967869;-5,1863;0,9511175;0;0;0;0;0;-1;-1;0
11,35612;-0,6967869;-5,1863;0,9511175;0;0;0;0;0;-1;-1;0
11,37529;-0,6967869;-5,1863;0,9511175;0;0;0;0;0;-1;-1;0
11,38628;-0,6967869;-5,1863;0,9511175;0;0;0;0;0;-1;-1;0
11,39642;-0,6967869;-5,1863;0,9511175;0;0;0;0;0;-1;-1;0
11,40857;-0,6967869;-5,1863;0,9511175;0;0;0;0;0;-1;-1;0
11,4199;-0,6967869;-5,1863;0,9511175;0;0;0;0;0;-1;-1;0
11,43168;-0,6967869;-5,1863;0,9511175;0;0;0;0;0;-1;-1;0
11,44229;-0,6967869;-5,1863;0,9511175;0;0;0;0;0;-1;-1;0
11,45451;-0,6967869;-5,1863;0,9511175;0;0;0;0;0;-1;-1;0
11,47164;-0,6967869;-5,1863;0,9511175;0;0;0;0;0;-1;-1;0
11,49277;-0,6967869;-5,1863;0,9511175;0;0;0;0;0;-1;-1;0
11,51132;-0,6967869;-5,1863;0,9511175;0;0;0;0;0;-1;-1;0
11,52171;-0,6967869;-5,1863;0,9511175;0;0;0;0;0;-1;-1;0
11,53285;-0,6967869;-5,1863;0,9511175;0;0;0;0;0;-1;-1;0
11,55087;-0,6967869;-5,1863;0,9511175;0;0;0;0;0;-1;-1;0
11,56089;-0,6967869;-5,1863;0,9511175;0;0;0;0;0;-1;-1;0
11,5715;-0,6967869;-5,1863;0,9511175;0;0;0;0;0;-1;-1;0
11,58196;-0,6967869;-5,1863;0,9511175;0;0;0;0;0;-1;-1;0
11,59428;-0,6967869;-5,1863;0,9511175;0;0;0;0;0;-1;-1;0
11,60721;-0,6967869;-5,1863;0,9511175;0;0;0;0;0;-1;-1;0
11,62425;-0,6967869;-5,1863;0,9511175;0;0;0;0;0;-1;-1;0
11,64155;-0,6967869;-5,1863;0,9511175;0;0;0;0;0;-1;-1;0
11,6531;-0,6967869;-5,1863;0,9511175;0;0;0;0;0;-1;-1;0
11,66328;-0,6967869;-5,1863;0,9511175;0;0;0;0;0;-1;-1;0
11,68036;-0,6967869;-5,1863;0,9511175;0;0;0;0;0;-1;-1;0
11,69124;-0,6967869;-5,1863;0,9511175;0;0;0;0;0;-1;-1;0
11,7017;-0,6967869;-5,1863;0,9511175;0;0;0;0;0;-1;-1;0
11,71884;-0,6967869;-5,1863;0,9511175;0;0;0;0;0;-1;-1;0
11,72916;-0,6967869;-5,1863;0,9511175;0;0;0;0;0;-1;-1;0
11,74518;-0,6967869;-5,1863;0,9511175;0;0;0;0;0;-1;-1;0
11,75768;-0,6967869;-5,1863;0,9511175;0;0;0;0;0;-1;-1;0
11,76911;-0,6967869;-5,1863;0,9511175;0;0;0;0;0;-1;-1;0
11,7802;-0,6967869;-5,1863;0,9511175;0;0;0;0;0;-1;-1;0
11,79469;-0,6967869;-5,1863;0,9511175;0;0;0;0;0;-1;-1;0
11,81435;-0,6967869;-5,1863;0,9511175;0;0;0;0;0;-1;-1;0
11,83095;-0,6967869;-5,1863;0,9511175;0;0;0;0;0;-1;-1;0
11,84878;-0,6967869;-5,1863;0,9511175;0;0;0;0;0;-1;-1;0
11,86541;-0,6967869;-5,1863;0,9511175;0;0;0;0;0;-1;-1;0
11,87737;-0,6967869;-5,1863;0,9511175;0;0;0;0;0;-1;-1;0
11,8944;-0,6967869;-5,1863;0,9511175;0;0;0;0;0;-1;-1;0
11,90496;-0,6967869;-5,1863;0,9511175;0;0;0;0;0;-1;-1;0
11,91705;-0,6967869;-5,1863;0,9511175;0;0;0;0;0;-1;-1;0
11,93608;-0,6967869;-5,1863;0,9511175;0;0;0;0;0;-1;-1;0
11,95318;-0,6967869;-5,1863;0,9511175;0;0;0;0;0;-1;-1;0
11,96353;-0,6967869;-5,1863;0,9511175;0;0;0;0;0;-1;-1;0
11,98033;-0,6967869;-5,1863;0,9511175;0;0;0;0;0;-1;-1;0
11,99705;-0,6967869;-5,1863;0,9511175;0;0;0;0;0;-1;-1;0
12,00732;-0,6967869;-5,1863;0,9511175;0;0;0;0;0;-1;-1;0
12,01843;-0,6967869;-5,1863;0,9511175;0;0;0;0;0;-1;-1;0
12,02876;-0,6967869;-5,1863;0,9511175;0;0;0;0;0;-1;-1;0
12,04611;-0,6967869;-5,1863;0,9511175;0;0;0;0;0;-1;-1;0
12,06336;-0,6967869;-5,1863;0,9511175;0;0;0;0;0;-1;-1;0
12,07459;-0,6967869;-5,1863;0,9511175;0;0;0;0;0;-1;-1;0
12,09128;-0,6967869;-5,1863;0,9511175;0;0;0;0;0;-1;-1;0
12,10149;-0,6967869;-5,1863;0,9511175;0;0;0;0;0;-1;-1;0
12,11294;-0,6967869;-5,1863;0,9511175;0;0;0;0;0;-1;-1;0
12,12358;-0,6967869;-5,1863;0,9511175;0;0;0;0;0;-1;-1;0
12,13383;-0,6967869;-5,1863;0,9511175;0;0;0;0;0;-1;-1;0
12,15044;-0,6967869;-5,1863;0,9511175;0;0;0;0;0;-1;-1;0
12,16271;-0,6967869;-5,1863;0,9511175;0;0;0;0;0;-1;-1;0
12,17445;-0,6967869;-5,1863;0,9511175;0;0;0;0;0;-1;-1;0
12,1851;-0,6967869;-5,1863;0,9511175;0;0;0;0;0;-1;-1;0
12,19573;-0,6967869;-5,1863;0,9511175;0;0;0;0;0;-1;-1;0
12,20723;-0,6967869;-5,1863;0,9511175;0;0;0;0;0;-1;-1;0
12,21957;-0,6967869;-5,1863;0,9511175;0;0;0;0;0;-1;-1;0
12,23811;-0,6967869;-5,1863;0,9511175;0;0;0;0;0;-1;-1;0
12,24921;-0,6967869;-5,1863;0,9511175;0;0;0;0;0;-1;-1;0
12,25934;-0,6967869;-5,1863;0,9511175;0;0;0;0;0;-1;-1;0
12,27146;-0,6967869;-5,1863;0,9511175;0;0;0;0;0;-1;-1;0
12,2816;-0,6967869;-5,1863;0,9511175;0;0;0;0;0;-1;-1;0
12,29175;-0,6967869;-5,1863;0,9511175;0;0;0;0;0;-1;-1;0
12,30233;-0,6967869;-5,1863;0,9511175;0;0;0;0;0;-1;-1;0
12,31391;-0,6967869;-5,1863;0,9511175;0;0;0;0;0;-1;-1;0
12,33088;-0,6967869;-5,1863;0,9511175;0;0;0;0;0;-1;-1;0
12,34819;-0,6967869;-5,1863;0,9511175;0;0;0;0;0;-1;-1;0
12,35977;-0,6967869;-5,1863;0,9511175;0;0;0;0;0;-1;-1;0
12,36987;-0,6967869;-5,1863;0,9511175;0;0;0;0;0;-1;-1;0
12,38244;-0,6967869;-5,1863;0,9511175;0;0;0;0;0;-1;-1;0
12,4007;-0,6967869;-5,1863;0,9511175;0;0;0;0;0;-1;-1;0
12,41382;-0,6967869;-5,1863;0,9511175;0;0;0;0;0;-1;-1;0
12,42686;-0,6967869;-5,1863;0,9511175;0;0;0;0;0;-1;-1;0
12,44074;-0,6967869;-5,1863;0,9511175;0;0;0;0;0;-1;-1;0
12,45386;-0,6967869;-5,1863;0,9511175;0;0;0;0;0;-1;-1;0
12,46608;-0,6967869;-5,1863;0,9511175;0;0;0;0;0;-1;-1;0
12,47878;-0,6967869;-5,1863;0,9511175;0;0;0;0;0;-1;-1;0
12,4949;-0,6967869;-5,1863;0,9511175;0;0;0;0;0;-1;-1;0
12,50592;-0,6967869;-5,1863;0,9511175;0;0;0;0;0;-1;-1;0
12,51725;-0,6967869;-5,1863;0,9511175;0;0;0;0;0;-1;-1;0
12,53083;-0,6967869;-5,1863;0,9511175;0;0;0;0;0;-1;-1;0
12,54252;-0,6967869;-5,1863;0,9511175;0;0;0;0;0;-1;-1;0
12,56371;-0,6967869;-5,1863;0,9511175;0;0;0;0;0;-1;-1;0
12,57537;-0,6967869;-5,1863;0,9511175;0;0;0;0;0;-1;-1;0
12,58872;-0,6967869;-5,1863;0,9511175;0;0;0;0;0;-1;-1;0
12,60601;-0,6967869;-5,1863;0,9511175;0;0;0;0;0;-1;-1;0
12,61962;-0,6967869;-5,1863;0,9511175;0;0;0;0;0;-1;-1;0
12,63281;-0,6967869;-5,1863;0,9511175;0;0;0;0;0;-1;-1;0
12,64995;-0,6967869;-5,1863;0,9511175;0;0;0;0;0;-1;-1;0
12,66157;-0,6967869;-5,1863;0,9511175;0;0;0;0;0;-1;-1;0
12,67541;-0,6967869;-5,1863;0,9511175;0;0;0;0;0;-1;-1;0
12,69501;-0,6967869;-5,1863;0,9511175;0;0;0;0;0;-1;-1;0
12,71406;-0,6967869;-5,1863;0,9511175;0;0;0;0;0;-1;-1;0
12,72677;-0,6967869;-5,1863;0,9511175;0;0;0;0;0;-1;-1;0
12,74428;-0,6967869;-5,1863;0,9511175;0;0;0;0;0;-1;-1;0
12,75563;-0,6967869;-5,1863;0,9511175;0;0;0;0;0;-1;-1;0
12,76716;-0,6967869;-5,1863;0,9511175;0;0;0;0;0;-1;-1;0
12,78528;-0,6967869;-5,1863;0,9511175;0;0;0;0;0;-1;-1;0
12,79605;-0,6967869;-5,1863;0,9511175;0;0;0;0;0;-1;-1;0
12,80781;-0,6967869;-5,1863;0,9511175;0;0;0;0;0;-1;-1;0
12,81923;-0,6967869;-5,1863;0,9511175;0;0;0;0;0;-1;-1;0
12,83246;-0,6967869;-5,1863;0,9511175;0;0;0;0;0;-1;-1;0
12,84332;-0,6967869;-5,1863;0,9511175;0;0;0;0;0;-1;-1;0
12,85457;-0,6967869;-5,1863;0,9511175;0;0;0;0;0;-1;-1;0
12,87559;-0,6967869;-5,1863;0,9511175;0;0;0;0;0;-1;-1;0
12,89551;-0,6967869;-5,1863;0,9511175;0;0;0;0;0;-1;-1;0
12,90791;-0,6967869;-5,1863;0,9511175;0;0;0;0;0;-1;-1;0
12,91796;-0,6967869;-5,1863;0,9511175;0;0;0;0;0;-1;-1;0
12,93406;-0,6967869;-5,1863;0,9511175;0;0;0;0;0;-1;-1;0
12,95189;-0,6967869;-5,1863;0,9511175;0;0;0;0;0;-1;-1;0
12,96387;-0,6967869;-5,1863;0,9511175;0;0;0;0;0;-1;-1;0
12,97536;-0,6967869;-5,1863;0,9511175;0;0;0;0;0;-1;-1;0
12,98568;-0,6967869;-5,1863;0,9511175;0;0;0;0;0;-1;-1;0
13,00322;-0,6967869;-5,1863;0,9511175;0;0;0;0;0;-1;-1;0
13,01383;-0,6967869;-5,1863;0,9511175;0;0;0;0;0;-1;-1;0
13,03358;-0,6967869;-5,1863;0,9511175;0;0;0;0;0;-1;-1;0
13,04493;-0,6967869;-5,1863;0,9511175;0;0;0;0;0;-1;-1;0
13,06432;-0,6967869;-5,1863;0,9511175;0;0;0;0;0;-1;-1;0
13,08168;-0,6967869;-5,1863;0,9511175;0;0;0;0;0;-1;-1;0
13,09304;-0,6967869;-5,1863;0,9511175;0;0;0;0;0;-1;-1;0
13,10453;-0,6967869;-5,1863;0,9511175;0;0;0;0;0;-1;-1;0
13,11549;-0,6967869;-5,1863;0,9511175;0;0;0;0;0;-1;-1;0
13,12691;-0,6967869;-5,1863;0,9511175;0;0;0;0;0;-1;-1;0
13,13774;-0,6967869;-5,1863;0,9511175;0;0;0;0;0;-1;-1;0
13,15276;-0,6967869;-5,1863;0,9511175;0;0;0;0;0;-1;-1;0
13,16545;-0,6967869;-5,1863;0,9511175;0;0;0;0;0;-1;-1;0
13,18228;-0,6967869;-5,1863;0,9511175;0;0;0;0;0;-1;-1;0
13,19486;-0,6967869;-5,1863;0,9511175;0;0;0;0;0;-1;-1;0
13,21195;-0,6967869;-5,1863;0,9511175;0;0;0;0;0;-1;-1;0
13,22316;-0,6967869;-5,1863;0,9511175;0;0;0;0;0;-1;-1;0
13,23392;-0,6967869;-5,1863;0,9511175;0;0;0;0;0;-1;-1;0
13,25188;-0,6967869;-5,1863;0,9511175;0;0;0;0;0;-1;-1;0
13,26371;-0,6967869;-5,1863;0,9511175;0;0;0;0;0;-1;-1;0
13,27489;-0,6967869;-5,1863;0,9511175;0;0;0;0;0;-1;-1;0
13,28931;-0,6967869;-5,1863;0,9511175;0;0;0;0;0;-1;-1;0
13,30092;-0,6967869;-5,1863;0,9511175;0;0;0;0;0;-1;-1;0
13,31873;-0,6967869;-5,1863;0,9511175;0;0;0;0;0;-1;-1;0
13,33734;-0,6967869;-5,1863;0,9511175;0;0;0;0;0;-1;-1;0
13,35038;-0,6967869;-5,1863;0,9511175;0;0;0;0;0;-1;-1;0
13,36248;-0,6967869;-5,1863;0,9511175;0;0;0;0;0;-1;-1;0
13,37424;-0,6967869;-5,1863;0,9511175;0;0;0;0;0;-1;-1;0
13,38747;-0,6967869;-5,1863;0,9511175;0;0;0;0;0;-1;-1;0
13,40061;-0,6967869;-5,1863;0,9511175;0;0;0;0;0;-1;-1;0
13,41473;-0,6967869;-5,1863;0,9511175;0;0;0;0;0;-1;-1;0
13,42593;-0,6967869;-5,1863;0,9511175;0;0;0;0;0;-1;-1;0
13,43759;-0,6967869;-5,1863;0,9511175;0;0;0;0;0;-1;-1;0
13,45337;-0,6967869;-5,1863;0,9511175;0;0;0;0;0;-1;-1;0
13,46523;-0,6967869;-5,1863;0,9511175;0;0;0;0;0;-1;-1;0
13,47924;-0,6967869;-5,1863;0,9511175;0;0;0;0;0;-1;-1;0
13,49583;-0,6967869;-5,1863;0,9511175;0;0;0;0;0;-1;-1;0
13,5084;-0,6967869;-5,1863;0,9511175;0;0;0;0;0;-1;-1;0
13,52363;-0,6967869;-5,1863;0,9511175;0;0;0;0;0;-1;-1;0
13,5382;-0,6967869;-5,1863;0,9511175;0;0;0;0;0;-1;-1;0
13,55141;-0,6967869;-5,1863;0,9511175;0;0;0;0;0;-1;-1;0
13,56501;-0,6967869;-5,1863;0,9511175;0;0;0;0;0;-1;-1;0
13,57719;-0,6967869;-5,1863;0,9511175;0;0;0;0;0;-1;-1;0
13,58989;-0,6967869;-5,1863;0,9511175;0;0;0;0;0;-1;-1;0
13,60059;-0,6967869;-5,1863;0,9511175;0;0;0;0;0;-1;-1;0
13,61245;-0,6967869;-5,1863;0,9511175;0;0;0;0;0;-1;-1;0
13,62252;-0,6967869;-5,1863;0,9511175;0;0;0;0;0;-1;-1;0
13,63966;-0,6967869;-5,1863;0,9511175;0;0;0;0;0;-1;-1;0
13,65494;-0,6967869;-5,1863;0,9511175;0;0;0;0;0;-1;-1;0
13,66689;-0,6967869;-5,1863;0,9511175;0;0;0;0;0;-1;-1;0
13,68679;-0,6967869;-5,1863;0,9511175;0;0;0;0;0;-1;-1;0
13,70747;-0,6967869;-5,1863;0,9511175;0;0;0;0;0;-1;-1;0
13,72592;-0,6967869;-5,1863;0,9511175;0;0;0;0;0;-1;-1;0
13,73671;-0,6967869;-5,1863;0,9511175;0;0;0;0;0;-1;-1;0
13,75425;-0,6967869;-5,1863;0,9511175;0;0;0;0;0;-1;-1;0
13,76513;-0,6967869;-5,1863;0,9511175;0;0;0;0;0;-1;-1;0
13,78444;-0,6967869;-5,1863;0,9511175;0;0;0;0;0;-1;-1;0
13,79755;-0,6967869;-5,1863;0,9511175;0;0;0;0;0;-1;-1;0
13,80945;-0,6967869;-5,1863;0,9511175;0;0;0;0;0;-1;-1;0
13,82355;-0,6967869;-5,1863;0,9511175;0;0;0;0;0;-1;-1;0
13,83438;-0,6967869;-5,1863;0,9511175;0;0;0;0;0;-1;-1;0
13,85136;-0,6967869;-5,1863;0,9511175;0;0;0;0;0;-1;-1;0
13,86251;-0,6967869;-5,1863;0,9511175;0;0;0;0;0;-1;-1;0
13,87324;-0,6967869;-5,1863;0,9511175;0;0;0;0;0;-1;-1;0
13,88571;-0,6967869;-5,1863;0,9511175;0;0;0;0;0;-1;-1;0
13,90042;-0,6967869;-5,1863;0,9511175;0;0;0;0;0;-1;-1;0
13,91083;-0,6967869;-5,1863;0,9511175;0;0;0;0;0;-1;-1;0
13,92127;-0,6967869;-5,1863;0,9511175;0;0;0;0;0;-1;-1;0
13,93312;-0,6967869;-5,1863;0,9511175;0;0;0;0;0;-1;-1;0
13,94619;-0,6967869;-5,1863;0,9511175;0;0;0;0;0;-1;-1;0
13,9566;-0,6967869;-5,1863;0,9511175;0;0;0;0;0;-1;-1;0
13,96933;-0,6967869;-5,1863;0,9511175;0;0;0;0;0;-1;-1;0
13,98955;-0,6967869;-5,1863;0,9511175;0;0;0;0;0;-1;-1;0
13,99984;-0,6967869;-5,1863;0,9511175;0;0;0;0;0;-1;-1;0
14,01391;-0,6967869;-5,1863;0,9511175;0;0;0;0;0;-1;-1;0
14,02418;-0,6967869;-5,1863;0,9511175;0;0;0;0;0;-1;-1;0
14,03678;-0,6967869;-5,1863;0,9511175;0;0;0;0;0;-1;-1;0
14,04773;-0,6967869;-5,1863;0,9511175;0;0;0;0;0;-1;-1;0
14,0586;-0,6967869;-5,1863;0,9511175;0;0;0;0;0;-1;-1;0
14,07049;-0,6967869;-5,1863;0,9511175;0;0;0;0;0;-1;-1;0
14,08107;-0,6967869;-5,1863;0,9511175;0;0;0;0;0;-1;-1;0
14,09264;-0,6967869;-5,1863;0,9511175;0;0;0;0;0;-1;-1;0
14,10307;-0,6967869;-5,1863;0,9511175;0;0;0;0;0;-1;-1;0
14,11444;-0,6967869;-5,1863;0,9511175;0;0;0;0;0;-1;-1;0
14,12713;-0,6967869;-5,1863;0,9511175;0;0;0;0;0;-1;-1;0
14,14483;-0,6967869;-5,1863;0,9511175;0;0;0;0;0;-1;-1;0
14,15576;-0,6967869;-5,1863;0,9511175;0;0;0;0;0;-1;-1;0
14,16714;-0,6967869;-5,1863;0,9511175;0;0;0;0;0;-1;-1;0
14,17734;-0,6967869;-5,1863;0,9511175;0;0;0;0;0;-1;-1;0
14,18786;-0,6967869;-5,1863;0,9511175;0;0;0;0;0;-1;-1;0
14,20443;-0,6967869;-5,1863;0,9511175;0;0;0;0;0;-1;-1;0
14,21476;-0,6967869;-5,1863;0,9511175;0;0;0;0;0;-1;-1;0
14,22544;-0,6967869;-5,1863;0,9511175;0;0;0;0;0;-1;-1;0
14,23562;-0,6967869;-5,1863;0,9511175;0;0;0;0;0;-1;-1;0
14,24689;-0,6967869;-5,1863;0,9511175;0;0;0;0;0;-1;-1;0
14,25815;-0,6967869;-5,1863;0,9511175;0;0;0;0;0;-1;-1;0
14,27018;-0,6967869;-5,1863;0,9511175;0;0;0;0;0;-1;-1;0
14,28173;-0,6967869;-5,1863;0,9511175;0;0;0;0;0;-1;-1;0
14,29273;-0,6967869;-5,1863;0,9511175;0;0;0;0;0;-1;-1;0
14,3031;-0,6967869;-5,1863;0,9511175;0;0;0;0;0;-1;-1;0
14,31339;-0,6967869;-5,1863;0,9511175;0;0;0;0;0;-1;-1;0
14,32384;-0,6967869;-5,1863;0,9511175;0;0;0;0;0;-1;-1;0
14,33576;-0,6967869;-5,1863;0,9511175;0;0;0;0;0;-1;-1;0
14,3472;-0,6967869;-5,1863;0,9511175;0;0;0;0;0;-1;-1;0
14,35839;-0,6967869;-5,1863;0,9511175;0;0;0;0;0;-1;-1;0
14,37059;-0,6967869;-5,1863;0,9511175;0;0;0;0;0;-1;-1;0
14,38099;-0,6967869;-5,1863;0,9511175;0;0;0;0;0;-1;-1;0
14,3934;-0,6967869;-5,1863;0,9511175;0;0;0;0;0;-1;-1;0
14,40425;-0,6967869;-5,1863;0,9511175;0;0;0;0;0;-1;-1;0
14,41711;-0,6967869;-5,1863;0,9511175;0;0;0;0;0;-1;-1;0
14,42747;-0,6967869;-5,1863;0,9511175;0;0;0;0;0;-1;-1;0
14,43822;-0,6967869;-5,1863;0,9511175;0;0;0;0;0;-1;-1;0
14,44917;-0,6967869;-5,1863;0,9511175;0;0;0;0;0;-1;-1;0
14,45944;-0,6967869;-5,1863;0,9511175;0;0;0;0;0;-1;-1;0
14,46968;-0,6967869;-5,1863;0,9511175;0;0;0;0;0;-1;-1;0
14,48732;-0,6967869;-5,1863;0,9511175;0;0;0;0;0;-1;-1;0
14,50503;-0,6967869;-5,1863;0,9511175;0;0;0;0;0;-1;-1;0
14,52266;-0,6967869;-5,1863;0,9511175;0;0;0;0;0;-1;-1;0
14,53372;-0,6967869;-5,1863;0,9511175;0;0;0;0;0;-1;-1;0
14,54461;-0,6967869;-5,1863;0,9511175;0;0;0;0;0;-1;-1;0
14,55517;-0,6967869;-5,1863;0,9511175;0;0;0;0;0;-1;-1;0
14,56522;-0,6967869;-5,1863;0,9511175;0;0;0;0;0;-1;-1;0
14,5829;-0,6967869;-5,1863;0,9511175;0;0;0;0;0;-1;-1;0
14,60363;-0,6967869;-5,1863;0,9511175;0;0;0;0;0;-1;-1;0
14,62191;-0,6967869;-5,1863;0,9511175;0;0;0;0;0;-1;-1;0
14,63527;-0,6967869;-5,1863;0,9511175;0;0;0;0;0;-1;-1;0
14,6517;-0,6967869;-5,1863;0,9511175;0;0;0;0;0;-1;-1;0
14,6619;-0,6967869;-5,1863;0,9511175;0;0;0;0;0;-1;-1;0
14,67449;-0,6967869;-5,1863;0,9511175;0;0;0;0;0;-1;-1;0
14,68789;-0,6967869;-5,1863;0,9511175;0;0;0;0;0;-1;-1;0
14,69947;-0,6967869;-5,1863;0,9511175;0;0;0;0;0;-1;-1;0
14,71379;-0,6967869;-5,1863;0,9511175;0;0;0;0;0;-1;-1;0
14,72591;-0,6967869;-5,1863;0,9511175;0;0;0;0;0;-1;-1;0
14,74012;-0,6967869;-5,1863;0,9511175;0;0;0;0;0;-1;-1;0
14,76141;-0,6967869;-5,1863;0,9511175;0;0;0;0;0;-1;-1;0
14,77368;-0,6967869;-5,1863;0,9511175;0;0;0;0;0;-1;-1;0
14,7867;-0,6967869;-5,1863;0,9511175;0;0;0;0;0;-1;-1;0
14,79897;-0,6967869;-5,1863;0,9511175;0;0;0;0;0;-1;-1;0
14,81381;-0,6967869;-5,1863;0,9511175;0;0;0;0;0;-1;-1;0
14,82563;-0,6967869;-5,1863;0,9511175;0;0;0;0;0;-1;-1;0
14,84;-0,6967869;-5,1863;0,9511175;0;0;0;0;0;-1;-1;0
14,8555;-0,6967869;-5,1863;0,9511175;0;0;0;0;0;-1;-1;0
14,87155;-0,6967869;-5,1863;0,9511175;0;0;0;0;0;-1;-1;0
14,88306;-0,6967869;-5,1863;0,9511175;0;0;0;0;0;-1;-1;0
14,8961;-0,6967869;-5,1863;0,9511175;0;0;0;0;0;-1;-1;0
14,91407;-0,6967869;-5,1863;0,9511175;0;0;0;0;0;-1;-1;0
14,92926;-0,6967869;-5,1863;0,9511175;0;0;0;0;0;-1;-1;0
14,94023;-0,6967869;-5,1863;0,9511175;0;0;0;0;0;-1;-1;0
14,95388;-0,6967869;-5,1863;0,9511175;0;0;0;0;0;-1;-1;0
14,97079;-0,6967869;-5,1863;0,9511175;0;0;0;0;0;-1;-1;0
14,9809;-0,6967869;-5,1863;0,9511175;0;0;0;0;0;-1;-1;0
14,99825;-0,6967869;-5,1863;0,9511175;0;0;0;0;0;-1;-1;0
15,0088;-0,6967869;-5,1863;0,9511175;0;0;0;0;0;-1;-1;0
15,02118;-0,6967869;-5,1863;0,9511175;0;0;0;0;0;-1;-1;0
15,0316;-0,6967869;-5,1863;0,9511175;0;0;0;0;0;-1;-1;0
15,04862;-0,6967869;-5,1863;0,9511175;0;0;0;0;0;-1;-1;0
15,0652;-0,6967869;-5,1863;0,9511175;0;0;0;0;0;-1;-1;0
15,07976;-0,6967869;-5,1863;0,9511175;0;0;0;0;0;-1;-1;0
15,09019;-0,6967869;-5,1863;0,9511175;0;0;0;0;0;-1;-1;0
15,10771;-0,6967869;-5,1863;0,9511175;0;0;0;0;0;-1;-1;0
15,11818;-0,6967869;-5,1863;0,9511175;0;0;0;0;0;-1;-1;0
15,12855;-0,6967869;-5,1863;0,9511175;0;0;0;0;0;-1;-1;0
15,14462;-0,6967869;-5,1863;0,9511175;0;0;0;0;0;-1;-1;0
15,15498;-0,6967869;-5,1863;0,9511175;0;0;0;0;0;-1;-1;0
15,1671;-0,6967869;-5,1863;0,9511175;0;0;0;0;0;-1;-1;0
15,17831;-0,6967869;-5,1863;0,9511175;0;0;0;0;0;-1;-1;0
15,18924;-0,6967869;-5,1863;0,9511175;0;0;0;0;0;-1;-1;0
15,2001;-0,6967869;-5,1863;0,9511175;0;0;0;0;0;-1;-1;0
15,2117;-0,6967869;-5,1863;0,9511175;0;0;0;0;0;-1;-1;0
15,22356;-0,6967869;-5,1863;0,9511175;0;0;0;0;0;-1;-1;0
15,23583;-0,6967869;-5,1863;0,9511175;0;0;0;0;0;-1;-1;0
15,24823;-0,6967869;-5,1863;0,9511175;0;0;0;0;0;-1;-1;0
15,26253;-0,6967869;-5,1863;0,9511175;0;0;0;0;0;-1;-1;0
15,27535;-0,6967869;-5,1863;0,9511175;0;0;0;0;0;-1;-1;0
15,29023;-0,6967869;-5,1863;0,9511175;0;0;0;0;0;-1;-1;0
15,30214;-0,6967869;-5,1863;0,9511175;0;0;0;0;0;-1;-1;0
15,31221;-0,6967869;-5,1863;0,9511175;0;0;0;0;0;-1;-1;0
15,32397;-0,6967869;-5,1863;0,9511175;0;0;0;0;0;-1;-1;0
15,33511;-0,6967869;-5,1863;0,9511175;0;0;0;0;0;-1;-1;0
15,34851;-0,6967869;-5,1863;0,9511175;0;0;0;0;0;-1;-1;0
15,37284;-0,6967869;-5,1863;0,9511175;0;0;0;0;0;-1;-1;0
15,38467;-0,6967869;-5,1863;0,9511175;0;0;0;0;0;-1;-1;0
15,39569;-0,6967869;-5,1863;0,9511175;0;0;0;0;0;-1;-1;0
15,40687;-0,6967869;-5,1863;0,9511175;0;0;0;0;0;-1;-1;0
15,41824;-0,6967869;-5,1863;0,9511175;0;0;0;0;0;-1;-1;0
15,43148;-0,6967869;-5,1863;0,9511175;0;0;0;0;0;-1;-1;0
15,44432;-0,6967869;-5,1863;0,9511175;0;0;0;0;0;-1;-1;0
15,45809;-0,6967869;-5,1863;0,9511175;0;0;0;0;0;-1;-1;0
15,47029;-0,6967869;-5,1863;0,9511175;0;0;0;0;0;-1;-1;0
15,48258;-0,6967869;-5,1863;0,9511175;0;0;0;0;0;-1;-1;0
15,49364;-0,6967869;-5,1863;0,9511175;0;0;0;0;0;-1;-1;0
15,50403;-0,6967869;-5,1863;0,9511175;0;0;0;0;0;-1;-1;0
15,51647;-0,6967869;-5,1863;0,9511175;0;0;0;0;0;-1;-1;0
15,54108;-0,6967869;-5,1863;0,9511175;0;0;0;0;0;-1;-1;0
15,56027;-0,6967869;-5,1863;0,9511175;0;0;0;0;0;-1;-1;0
15,57077;-0,6967869;-5,1863;0,9511175;0;0;0;0;0;-1;-1;0
15,58086;-0,6967869;-5,1863;0,9511175;0;0;0;0;0;-1;-1;0
15,59289;-0,6967869;-5,1863;0,9511175;0;0;0;0;0;-1;-1;0
15,60981;-0,6967869;-5,1863;0,9511175;0;0;0;0;0;-1;-1;0
15,62294;-0,6967869;-5,1863;0,9511175;0;0;0;0;0;-1;-1;0
15,6421;-0,6967869;-5,1863;0,9511175;0;0;0;0;0;-1;-1;0
15,65214;-0,6967869;-5,1863;0,9511175;0;0;0;0;0;-1;-1;0
15,66293;-0,6967869;-5,1863;0,9511175;0;0;0;0;0;-1;-1;0
15,67441;-0,6967869;-5,1863;0,9511175;0;0;0;0;0;-1;-1;0
15,69007;-0,6967869;-5,1863;0,9511175;0;0;0;0;0;-1;-1;0
15,70048;-0,6967869;-5,1863;0,9511175;0;0;0;0;0;-1;-1;0
15,71309;-0,6967869;-5,1863;0,9511175;0;0;0;0;0;-1;-1;0
15,72361;-0,6967869;-5,1863;0,9511175;0;0;0;0;0;-1;-1;0
15,73472;-0,6967869;-5,1863;0,9511175;0;0;0;0;0;-1;-1;0
15,74508;-0,6967869;-5,1863;0,9511175;0;0;0;0;0;-1;-1;0
15,75567;-0,6967869;-5,1863;0,9511175;0;0;0;0;0;-1;-1;0
15,76715;-0,6967869;-5,1863;0,9511175;0;0;0;0;0;-1;-1;0
15,77774;-0,6967869;-5,1863;0,9511175;0;0;0;0;0;-1;-1;0
15,79001;-0,6967869;-5,1863;0,9511175;0;0;0;0;0;-1;-1;0
15,80345;-0,6967869;-5,1863;0,9511175;0;0;0;0;0;-1;-1;0
15,8153;-0,6967869;-5,1863;0,9511175;0;0;0;0;0;-1;-1;0
15,8293;-0,6967869;-5,1863;0,9511175;0;0;0;0;0;-1;-1;0
15,84488;-0,6967869;-5,1863;0,9511175;0;0;0;0;0;-1;-1;0
15,8575;-0,6967869;-5,1863;0,9511175;0;0;0;0;0;-1;-1;0
15,87147;-0,6967869;-5,1863;0,9511175;0;0;0;0;0;-1;-1;0
15,88425;-0,6967869;-5,1863;0,9511175;0;0;0;0;0;-1;-1;0
15,89571;-0,6967869;-5,1863;0,9511175;0;0;0;0;0;-1;-1;0
15,90833;-0,6967869;-5,1863;0,9511175;0;0;0;0;0;-1;-1;0
15,92415;-0,6967869;-5,1863;0,9511175;0;0;0;0;0;-1;-1;0
15,93901;-0,6967869;-5,1863;0,9511175;0;0;0;0;0;-1;-1;0
15,95504;-0,6967869;-5,1863;0,9511175;0;0;0;0;0;-1;-1;0
15,97101;-0,6967869;-5,1863;0,9511175;0;0;0;0;0;-1;-1;0
15,9858;-0,6967869;-5,1863;0,9511175;0;0;0;0;0;-1;-1;0
16,0049;-0,6967869;-5,1863;0,9511175;0;0;0;0;0;-1;-1;0
16,01604;-0,6967869;-5,1863;0,9511175;0;0;0;0;0;-1;-1;0
16,02776;-0,6967869;-5,1863;0,9511175;0;0;0;0;0;-1;-1;0
16,03884;-0,6967869;-5,1863;0,9511175;0;0;0;0;0;-1;-1;0
16,04968;-0,6967869;-5,1863;0,9511175;0;0;0;0;0;-1;-1;0
16,06693;-0,6967869;-5,1863;0,9511175;0;0;0;0;0;-1;-1;0
16,07784;-0,6967869;-5,1863;0,9511175;0;0;0;0;0;-1;-1;0
16,08822;-0,6967869;-5,1863;0,9511175;0;0;0;0;0;-1;-1;0
16,10563;-0,6967869;-5,1863;0,9511175;0;0;0;0;0;-1;-1;0
16,11646;-0,6967869;-5,1863;0,9511175;0;0;0;0;0;-1;-1;0
16,12934;-0,6967869;-5,1863;0,9511175;0;0;0;0;0;-1;-1;0
16,14155;-0,6967869;-5,1863;0,9511175;0;0;0;0;0;-1;-1;0
16,15698;-0,6967869;-5,1863;0,9511175;0;0;0;0;0;-1;-1;0
16,17201;-0,6967869;-5,1863;0,9511175;0;0;0;0;0;-1;-1;0
16,18347;-0,6967869;-5,1863;0,9511175;0;0;0;0;0;-1;-1;0
16,19707;-0,6967869;-5,1863;0,9511175;0;0;0;0;0;-1;-1;0
16,20899;-0,6967869;-5,1863;0,9511175;0;0;0;0;0;-1;-1;0
16,22083;-0,6967869;-5,1863;0,9511175;0;0;0;0;0;-1;-1;0
16,23964;-0,6967869;-5,1863;0,9511175;0;0;0;0;0;-1;-1;0
16,25069;-0,6967869;-5,1863;0,9511175;0;0;0;0;0;-1;-1;0
16,26094;-0,6967869;-5,1863;0,9511175;0;0;0;0;0;-1;-1;0
16,27229;-0,6967869;-5,1863;0,9511175;0;0;0;0;0;-1;-1;0
16,28336;-0,6967869;-5,1863;0,9511175;0;0;0;0;0;-1;-1;0
16,29399;-0,6967869;-5,1863;0,9511175;0;0;0;0;0;-1;-1;0
16,30608;-0,6967869;-5,1863;0,9511175;0;0;0;0;0;-1;-1;0
16,31903;-0,6967869;-5,1863;0,9511175;0;0;0;0;0;-1;-1;0
16,32938;-0,6967869;-5,1863;0,9511175;0;0;0;0;0;-1;-1;0
16,34171;-0,6967869;-5,1863;0,9511175;0;0;0;0;0;-1;-1;0
16,35967;-0,6967869;-5,1863;0,9511175;0;0;0;0;0;-1;-1;0
16,37173;-0,6967869;-5,1863;0,9511175;0;0;0;0;0;-1;-1;0
16,38219;-0,6967869;-5,1863;0,9511175;0;0;0;0;0;-1;-1;0
16,39358;-0,6967869;-5,1863;0,9511175;0;0;0;0;0;-1;-1;0
16,40469;-0,6967869;-5,1863;0,9511175;0;0;0;0;0;-1;-1;0
16,42354;-0,6967869;-5,1863;0,9511175;0;0;0;0;0;-1;-1;0
16,43555;-0,6967869;-5,1863;0,9511175;0;0;0;0;0;-1;-1;0
16,44557;-0,6967869;-5,1863;0,9511175;0;0;0;0;0;-1;-1;0
16,46494;-0,6967869;-5,1863;0,9511175;0;0;0;0;0;-1;-1;0
16,47554;-0,6967869;-5,1863;0,9511175;0;0;0;0;0;-1;-1;0
16,48673;-0,6967869;-5,1863;0,9511175;0;0;0;0;0;-1;-1;0
16,49752;-0,6967869;-5,1863;0,9511175;0;0;0;0;0;-1;-1;0
16,50963;-0,6967869;-5,1863;0,9511175;0;0;0;0;0;-1;-1;0
16,52033;-0,6967869;-5,1863;0,9511175;0;0;0;0;0;-1;-1;0
16,53277;-0,6967869;-5,1863;0,9511175;0;0;0;0;0;-1;-1;0
16,54286;-0,6967869;-5,1863;0,9511175;0;0;0;0;0;-1;-1;0
16,55586;-0,6967869;-5,1863;0,9511175;0;0;0;0;0;-1;-1;0
16,56856;-0,6967869;-5,1863;0,9511175;0;0;0;0;0;-1;-1;0
16,57864;-0,6967869;-5,1863;0,9511175;0;0;0;0;0;-1;-1;0
16,58959;-0,6967869;-5,1863;0,9511175;0;0;0;0;0;-1;-1;0
16,60026;-0,6967869;-5,1863;0,9511175;0;0;0;0;0;-1;-1;0
16,61173;-0,6967869;-5,1863;0,9511175;0;0;0;0;0;-1;-1;0
16,62177;-0,6967869;-5,1863;0,9511175;0;0;0;0;0;-1;-1;0
16,63893;-0,6967869;-5,1863;0,9511175;0;0;0;0;0;-1;-1;0
16,65045;-0,6967869;-5,1863;0,9511175;0;0;0;0;0;-1;-1;0
16,66301;-0,6967869;-5,1863;0,9511175;0;0;0;0;0;-1;-1;0
16,67308;-0,6967869;-5,1863;0,9511175;0;0;0;0;0;-1;-1;0
16,69031;-0,6967869;-5,1863;0,9511175;0;0;0;0;0;-1;-1;0
16,7107;-0,6967869;-5,1863;0,9511175;0;0;0;0;0;-1;-1;0
16,72159;-0,6967869;-5,1863;0,9511175;0;0;0;0;0;-1;-1;0
16,73344;-0,6967869;-5,1863;0,9511175;0;0;0;0;0;-1;-1;0
16,74404;-0,6967869;-5,1863;0,9511175;0;0;0;0;0;-1;-1;0
16,76041;-0,6967869;-5,1863;0,9511175;0;0;0;0;0;-1;-1;0
16,781;-0,6967869;-5,1863;0,9511175;0;0;0;0;0;-1;-1;0
16,79289;-0,6967869;-5,1863;0,9511175;0;0;0;0;0;-1;-1;0
16,80494;-0,6967869;-5,1863;0,9511175;0;0;0;0;0;-1;-1;0
16,81931;-0,6967869;-5,1863;0,9511175;0;0;0;0;0;-1;-1;0
16,83256;-0,6967869;-5,1863;0,9511175;0;0;0;0;0;-1;-1;0
16,84447;-0,6967869;-5,1863;0,9511175;0;0;0;0;0;-1;-1;0
16,85922;-0,6967869;-5,1863;0,9511175;0;0;0;0;0;-1;-1;0
16,87231;-0,6967869;-5,1863;0,9511175;0;0;0;0;0;-1;-1;0
16,8848;-0,6967869;-5,1863;0,9511175;0;0;0;0;0;-1;-1;0
16,89966;-0,6967869;-5,1863;0,9511175;0;0;0;0;0;-1;-1;0
16,91832;-0,6967869;-5,1863;0,9511175;0;0;0;0;0;-1;-1;0
16,93816;-0,6967869;-5,1863;0,9511175;0;0;0;0;0;-1;-1;0
16,95171;-0,6967869;-5,1863;0,9511175;0;0;0;0;0;-1;-1;0
16,96367;-0,6967869;-5,1863;0,9511175;0;0;0;0;0;-1;-1;0
16,97802;-0,6967869;-5,1863;0,9511175;0;0;0;0;0;-1;-1;0
16,99079;-0,6967869;-5,1863;0,9511175;0;0;0;0;0;-1;-1;0
17,00322;-0,6967869;-5,1863;0,9511175;0;0;0;0;0;-1;-1;0
17,01525;-0,6967869;-5,1863;0,9511175;0;0;0;0;0;-1;-1;0
17,02889;-0,6967869;-5,1863;0,9511175;0;0;0;0;0;-1;-1;0
17,04073;-0,6967869;-5,1863;0,9511175;0;0;0;0;0;-1;-1;0
17,05499;-0,6967869;-5,1863;0,9511175;0;0;0;0;0;-1;-1;0
17,06906;-0,6967869;-5,1863;0,9511175;0;0;0;0;0;-1;-1;0
17,08688;-0,6967869;-5,1863;0,9511175;0;0;0;0;0;-1;-1;0
17,10085;-0,6967869;-5,1863;0,9511175;0;0;0;0;0;-1;-1;0
17,11499;-0,6967869;-5,1863;0,9511175;0;0;0;0;0;-1;-1;0
17,12678;-0,6967869;-5,1863;0,9511175;0;0;0;0;0;-1;-1;0
17,13847;-0,6967869;-5,1863;0,9511175;0;0;0;0;0;-1;-1;0
17,15217;-0,6967869;-5,1863;0,9511175;0;0;0;0;0;-1;-1;0
17,16409;-0,6967869;-5,1863;0,9511175;0;0;0;0;0;-1;-1;0
17,17671;-0,6967869;-5,1863;0,9511175;0;0;0;0;0;-1;-1;0
17,18803;-0,6967869;-5,1863;0,9511175;0;0;0;0;0;-1;-1;0
17,19982;-0,6967869;-5,1863;0,9511175;0;0;0;0;0;-1;-1;0
17,21526;-0,6967869;-5,1863;0,9511175;0;0;0;0;0;-1;-1;0
17,22577;-0,6967869;-5,1863;0,9511175;0;0;0;0;0;-1;-1;0
17,24216;-0,6967869;-5,1863;0,9511175;0;0;0;0;0;-1;-1;0
17,2533;-0,6967869;-5,1863;0,9511175;0;0;0;0;0;-1;-1;0
17,27246;-0,6967869;-5,1863;0,9511175;0;0;0;0;0;-1;-1;0
17,28315;-0,6967869;-5,1863;0,9511175;0;0;0;0;0;-1;-1;0
17,2951;-0,6967869;-5,1863;0,9511175;0;0;0;0;0;-1;-1;0
17,3054;-0,6967869;-5,1863;0,9511175;0;0;0;0;0;-1;-1;0
17,32334;-0,6967869;-5,1863;0,9511175;0;0;0;0;0;-1;-1;0
17,33387;-0,6967869;-5,1863;0,9511175;0;0;0;0;0;-1;-1;0
17,34448;-0,6967869;-5,1863;0,9511175;0;0;0;0;0;-1;-1;0
17,36158;-0,6967869;-5,1863;0,9511175;0;0;0;0;0;-1;-1;0
17,37356;-0,6967869;-5,1863;0,9511175;0;0;0;0;0;-1;-1;0
17,38492;-0,6967869;-5,1863;0,9511175;0;0;0;0;0;-1;-1;0
17,40969;-0,6967869;-5,1863;0,9511175;0;0;0;0;0;-1;-1;0
17,42017;-0,6967869;-5,1863;0,9511175;0;0;0;0;0;-1;-1;0
17,43267;-0,6967869;-5,1863;0,9511175;0;0;0;0;0;-1;-1;0
17,44286;-0,6967869;-5,1863;0,9511175;0;0;0;0;0;-1;-1;0
17,45602;-0,6967869;-5,1863;0,9511175;0;0;0;0;0;-1;-1;0
17,46603;-0,6967869;-5,1863;0,9511175;0;0;0;0;0;-1;-1;0
17,48425;-0,6967869;-5,1863;0,9511175;0;0;0;0;0;-1;-1;0
17,49451;-0,6967869;-5,1863;0,9511175;0;0;0;0;0;-1;-1;0
17,50728;-0,6967869;-5,1863;0,9511175;0;0;0;0;0;-1;-1;0
17,51869;-0,6967869;-5,1863;0,9511175;0;0;0;0;0;-1;-1;0
17,5305;-0,6967869;-5,1863;0,9511175;0;0;0;0;0;-1;-1;0
17,54332;-0,6967869;-5,1863;0,9511175;0;0;0;0;0;-1;-1;0
17,56019;-0,6967869;-5,1863;0,9511175;0;0;0;0;0;-1;-1;0
17,57316;-0,6967869;-5,1863;0,9511175;0;0;0;0;0;-1;-1;0
17,58455;-0,6967869;-5,1863;0,9511175;0;0;0;0;0;-1;-1;0
17,59755;-0,6967869;-5,1863;0,9511175;0;0;0;0;0;-1;-1;0
17,60924;-0,6967869;-5,1863;0,9511175;0;0;0;0;0;-1;-1;0
17,62047;-0,6967869;-5,1863;0,9511175;0;0;0;0;0;-1;-1;0
17,63176;-0,6967869;-5,1863;0,9511175;0;0;0;0;0;-1;-1;0
17,64217;-0,6967869;-5,1863;0,9511175;0;0;0;0;0;-1;-1;0
17,65408;-0,6967869;-5,1863;0,9511175;0;0;0;0;0;-1;-1;0
17,6712;-0,6967869;-5,1863;0,9511175;0;0;0;0;0;-1;-1;0
17,68155;-0,6967869;-5,1863;0,9511175;0;0;0;0;0;-1;-1;0
17,69447;-0,6967869;-5,1863;0,9511175;0;0;0;0;0;-1;-1;0
17,71198;-0,6967869;-5,1863;0,9511175;0;0;0;0;0;-1;-1;0
17,72316;-0,6967869;-5,1863;0,9511175;0;0;0;0;0;-1;-1;0
17,73377;-0,6967869;-5,1863;0,9511175;0;0;0;0;0;-1;-1;0
17,75036;-0,6967869;-5,1863;0,9511175;0;0;0;0;0;-1;-1;0
17,76771;-0,6967869;-5,1863;0,9511175;0;0;0;0;0;-1;-1;0
17,78513;-0,6967869;-5,1863;0,9511175;0;0;0;0;0;-1;-1;0
17,79519;-0,6967869;-5,1863;0,9511175;0;0;0;0;0;-1;-1;0
17,8073;-0,6967869;-5,1863;0,9511175;0;0;0;0;0;-1;-1;0
17,81771;-0,6967869;-5,1863;0,9511175;0;0;0;0;0;-1;-1;0
17,82797;-0,6967869;-5,1863;0,9511175;0;0;0;0;0;-1;-1;0
17,83813;-0,6967869;-5,1863;0,9511175;0;0;0;0;0;-1;-1;0
17,84946;-0,6967869;-5,1863;0,9511175;0;0;0;0;0;-1;-1;0
17,86153;-0,6967869;-5,1863;0,9511175;0;0;0;0;0;-1;-1;0
17,87835;-0,6967869;-5,1863;0,9511175;0;0;0;0;0;-1;-1;0
17,88895;-0,6967869;-5,1863;0,9511175;0;0;0;0;0;-1;-1;0
17,899;-0,6967869;-5,1863;0,9511175;0;0;0;0;0;-1;-1;0
17,91088;-0,6967869;-5,1863;0,9511175;0;0;0;0;0;-1;-1;0
17,92149;-0,6967869;-5,1863;0,9511175;0;0;0;0;0;-1;-1;0
17,93169;-0,6967869;-5,1863;0,9511175;0;0;0;0;0;-1;-1;0
17,94184;-0,6967869;-5,1863;0,9511175;0;0;0;0;0;-1;-1;0
17,95874;-0,6967869;-5,1863;0,9511175;0;0;0;0;0;-1;-1;0
17,97027;-0,6967869;-5,1863;0,9511175;0;0;0;0;0;-1;-1;0
17,98034;-0,6967869;-5,1863;0,9511175;0;0;0;0;0;-1;-1;0
17,99259;-0,6967869;-5,1863;0,9511175;0;0;0;0;0;-1;-1;0
18,00544;-0,6967869;-5,1863;0,9511175;0;0;0;0;0;-1;-1;0
18,01848;-0,6967869;-5,1863;0,9511175;0;0;0;0;0;-1;-1;0
18,02909;-0,6967869;-5,1863;0,9511175;0;0;0;0;0;-1;-1;0
18,04011;-0,6967869;-5,1863;0,9511175;0;0;0;0;0;-1;-1;0
18,05157;-0,6967869;-5,1863;0,9511175;0;0;0;0;0;-1;-1;0
18,06177;-0,6967869;-5,1863;0,9511175;0;0;0;0;0;-1;-1;0
18,07214;-0,6967869;-5,1863;0,9511175;0;0;0;0;0;-1;-1;0
18,08421;-0,6967869;-5,1863;0,9511175;0;0;0;0;0;-1;-1;0
18,09649;-0,6967869;-5,1863;0,9511175;0;0;0;0;0;-1;-1;0
18,10763;-0,6967869;-5,1863;0,9511175;0;0;0;0;0;-1;-1;0
18,1208;-0,6967869;-5,1863;0,9511175;0;0;0;0;0;-1;-1;0
18,13138;-0,6967869;-5,1863;0,9511175;0;0;0;0;0;-1;-1;0
18,14893;-0,6967869;-5,1863;0,9511175;0;0;0;0;0;-1;-1;0
18,15986;-0,6967869;-5,1863;0,9511175;0;0;0;0;0;-1;-1;0
18,17612;-0,6967869;-5,1863;0,9511175;0;0;0;0;0;-1;-1;0
18,18765;-0,6967869;-5,1863;0,9511175;0;0;0;0;0;-1;-1;0
18,20519;-0,6967869;-5,1863;0,9511175;0;0;0;0;0;-1;-1;0
18,21539;-0,6967869;-5,1863;0,9511175;0;0;0;0;0;-1;-1;0
18,23256;-0,6967869;-5,1863;0,9511175;0;0;0;0;0;-1;-1;0
18,24979;-0,6967869;-5,1863;0,9511175;0;0;0;0;0;-1;-1;0
18,26031;-0,6967869;-5,1863;0,9511175;0;0;0;0;0;-1;-1;0
18,27222;-0,6967869;-5,1863;0,9511175;0;0;0;0;0;-1;-1;0
18,28256;-0,6967869;-5,1863;0,9511175;0;0;0;0;0;-1;-1;0
18,29281;-0,6967869;-5,1863;0,9511175;0;0;0;0;0;-1;-1;0
18,30902;-0,6967869;-5,1863;0,9511175;0;0;0;0;0;-1;-1;0
18,32052;-0,6967869;-5,1863;0,9511175;0;0;0;0;0;-1;-1;0
18,34737;-0,6967869;-5,1863;0,9511175;0;0;0;0;0;-1;-1;0
18,36599;-0,6967869;-5,1863;0,9511175;0;0;0;0;0;-1;-1;0
18,37981;-0,6967869;-5,1863;0,9511175;0;0;0;0;0;-1;-1;0
18,39068;-0,6967869;-5,1863;0,9511175;0;0;0;0;0;-1;-1;0
18,40753;-0,6967869;-5,1863;0,9511175;0;0;0;0;0;-1;-1;0
18,41799;-0,6967869;-5,1863;0,9511175;0;0;0;0;0;-1;-1;0
18,42947;-0,6967869;-5,1863;0,9511175;0;0;0;0;0;-1;-1;0
18,44165;-0,6967869;-5,1863;0,9511175;0;0;0;0;0;-1;-1;0
18,45179;-0,6967869;-5,1863;0,9511175;0;0;0;0;0;-1;-1;0
18,47081;-0,6967869;-5,1863;0,9511175;0;0;0;0;0;-1;-1;0
18,48768;-0,6967869;-5,1863;0,9511175;0;0;0;0;0;-1;-1;0
18,49793;-0,6967869;-5,1863;0,9511175;0;0;0;0;0;-1;-1;0
18,50873;-0,6967869;-5,1863;0,9511175;0;0;0;0;0;-1;-1;0
18,51949;-0,6967869;-5,1863;0,9511175;0;0;0;0;0;-1;-1;0
18,53685;-0,6967869;-5,1863;0,9511175;0;0;0;0;0;-1;-1;0
18,54792;-0,6967869;-5,1863;0,9511175;0;0;0;0;0;-1;-1;0
18,55804;-0,6967869;-5,1863;0,9511175;0;0;0;0;0;-1;-1;0
18,56959;-0,6967869;-5,1863;0,9511175;0;0;0;0;0;-1;-1;0
18,58037;-0,6967869;-5,1863;0,9511175;0;0;0;0;0;-1;-1;0
18,59037;-0,6967869;-5,1863;0,9511175;0;0;0;0;0;-1;-1;0
18,60744;-0,6967869;-5,1863;0,9511175;0;0;0;0;0;-1;-1;0
18,61907;-0,6967869;-5,1863;0,9511175;0;0;0;0;0;-1;-1;0
18,63001;-0,6967869;-5,1863;0,9511175;0;0;0;0;0;-1;-1;0
18,64806;-0,6967869;-5,1863;0,9511175;0;0;0;0;0;-1;-1;0
18,66074;-0,6967869;-5,1863;0,9511175;0;0;0;0;0;-1;-1;0
18,67163;-0,6967869;-5,1863;0,9511175;0;0;0;0;0;-1;-1;0
18,68982;-0,6967869;-5,1863;0,9511175;0;0;0;0;0;-1;-1;0
18,70182;-0,6967869;-5,1863;0,9511175;0;0;0;0;0;-1;-1;0
18,71912;-0,6967869;-5,1863;0,9511175;0;0;0;0;0;-1;-1;0
18,73608;-0,6967869;-5,1863;0,9511175;0;0;0;0;0;-1;-1;0
18,747;-0,6967869;-5,1863;0,9511175;0;0;0;0;0;-1;-1;0
18,75786;-0,6967869;-5,1863;0,9511175;0;0;0;0;0;-1;-1;0
18,77476;-0,6967869;-5,1863;0,9511175;0;0;0;0;0;-1;-1;0
18,78676;-0,6967869;-5,1863;0,9511175;0;0;0;0;0;-1;-1;0
18,80525;-0,6967869;-5,1863;0,9511175;0;0;0;0;0;-1;-1;0
18,81549;-0,6967869;-5,1863;0,9511175;0;0;0;0;0;-1;-1;0
18,82689;-0,6967869;-5,1863;0,9511175;0;0;0;0;0;-1;-1;0
18,84007;-0,6967869;-5,1863;0,9511175;0;0;0;0;0;-1;-1;0
18,85943;-0,6967869;-5,1863;0,9511175;0;0;0;0;0;-1;-1;0
18,86991;-0,6967869;-5,1863;0,9511175;0;0;0;0;0;-1;-1;0
18,88045;-0,6967869;-5,1863;0,9511175;0;0;0;0;0;-1;-1;0
18,89285;-0,6967869;-5,1863;0,9511175;0;0;0;0;0;-1;-1;0
18,90467;-0,6967869;-5,1863;0,9511175;0;0;0;0;0;-1;-1;0
18,91536;-0,6967869;-5,1863;0,9511175;0;0;0;0;0;-1;-1;0
18,92616;-0,6967869;-5,1863;0,9511175;0;0;0;0;0;-1;-1;0
18,93781;-0,6967869;-5,1863;0,9511175;0;0;0;0;0;-1;-1;0
18,95453;-0,6967869;-5,1863;0,9511175;0;0;0;0;0;-1;-1;0
18,96746;-0,6967869;-5,1863;0,9511175;0;0;0;0;0;-1;-1;0
18,98011;-0,6967869;-5,1863;0,9511175;0;0;0;0;0;-1;-1;0
18,99215;-0,6967869;-5,1863;0,9511175;0;0;0;0;0;-1;-1;0
19,0041;-0,6967869;-5,1863;0,9511175;0;0;0;0;0;-1;-1;0
19,01472;-0,6967869;-5,1863;0,9511175;0;0;0;0;0;-1;-1;0
19,02494;-0,6967869;-5,1863;0,9511175;0;0;0;0;0;-1;-1;0
19,03646;-0,6967869;-5,1863;0,9511175;0;0;0;0;0;-1;-1;0
19,05538;-0,6967869;-5,1863;0,9511175;0;0;0;0;0;-1;-1;0
19,07406;-0,6967869;-5,1863;0,9511175;0;0;0;0;0;-1;-1;0
19,08848;-0,6967869;-5,1863;0,9511175;0;0;0;0;0;-1;-1;0
19,10802;-0,6967869;-5,1863;0,9511175;0;0;0;0;0;-1;-1;0
19,1194;-0,6967869;-5,1863;0,9511175;0;0;0;0;0;-1;-1;0
19,13352;-0,6967869;-5,1863;0,9511175;0;0;0;0;0;-1;-1;0
19,14641;-0,6967869;-5,1863;0,9511175;0;0;0;0;0;-1;-1;0
19,15725;-0,6967869;-5,1863;0,9511175;0;0;0;0;0;-1;-1;0
19,16969;-0,6967869;-5,1863;0,9511175;0;0;0;0;0;-1;-1;0
19,18148;-0,6967869;-5,1863;0,9511175;0;0;0;0;0;-1;-1;0
19,19202;-0,6967869;-5,1863;0,9511175;0;0;0;0;0;-1;-1;0
19,20237;-0,6967869;-5,1863;0,9511175;0;0;0;0;0;-1;-1;0
19,21257;-0,6967869;-5,1863;0,9511175;0;0;0;0;0;-1;-1;0
19,2252;-0,6967869;-5,1863;0,9511175;0;0;0;0;0;-1;-1;0
19,24134;-0,6967869;-5,1863;0,9511175;0;0;0;0;0;-1;-1;0
19,26313;-0,6967869;-5,1863;0,9511175;0;0;0;0;0;-1;-1;0
19,27689;-0,6967869;-5,1863;0,9511175;0;0;0;0;0;-1;-1;0
19,28972;-0,6967869;-5,1863;0,9511175;0;0;0;0;0;-1;-1;0
19,30848;-0,6967869;-5,1863;0,9511175;0;0;0;0;0;-1;-1;0
19,32068;-0,6967869;-5,1863;0,9511175;0;0;0;0;0;-1;-1;0
19,33489;-0,6967869;-5,1863;0,9511175;0;0;0;0;0;-1;-1;0
19,35382;-0,6967869;-5,1863;0,9511175;0;0;0;0;0;-1;-1;0
19,36459;-0,6967869;-5,1863;0,9511175;0;0;0;0;0;-1;-1;0
19,37733;-0,6967869;-5,1863;0,9511175;0;0;0;0;0;-1;-1;0
19,39177;-0,6967869;-5,1863;0,9511175;0;0;0;0;0;-1;-1;0
19,40831;-0,6967869;-5,1863;0,9511175;0;0;0;0;0;-1;-1;0
19,42191;-0,6967869;-5,1863;0,9511175;0;0;0;0;0;-1;-1;0
19,43524;-0,6967869;-5,1863;0,9511175;0;0;0;0;0;-1;-1;0
19,44864;-0,6967869;-5,1863;0,9511175;0;0;0;0;0;-1;-1;0
19,4606;-0,6967869;-5,1863;0,9511175;0;0;0;0;0;-1;-1;0
19,47169;-0,6967869;-5,1863;0,9511175;0;0;0;0;0;-1;-1;0
19,48478;-0,6967869;-5,1863;0,9511175;0;0;0;0;0;-1;-1;0
19,5;-0,6967869;-5,1863;0,9511175;0;0;0;0;0;-1;-1;0
19,51224;-0,6967869;-5,1863;0,9511175;0;0;0;0;0;-1;-1;0
19,52383;-0,6967869;-5,1863;0,9511175;0;0;0;0;0;-1;-1;0
19,53623;-0,6967869;-5,1863;0,9511175;0;0;0;0;0;-1;-1;0
19,54883;-0,6967869;-5,1863;0,9511175;0;0;0;0;0;-1;-1;0
19,56806;-0,6967869;-5,1863;0,9511175;0;0;0;0;0;-1;-1;0
19,57896;-0,6967869;-5,1863;0,9511175;0;0;0;0;0;-1;-1;0
19,59099;-0,6967869;-5,1863;0,9511175;0;0;0;0;0;-1;-1;0
19,60397;-0,6967869;-5,1863;0,9511175;0;0;0;0;0;-1;-1;0
19,61555;-0,6967869;-5,1863;0,9511175;0;0;0;0;0;-1;-1;0
19,62611;-0,6967869;-5,1863;0,9511175;0;0;0;0;0;-1;-1;0
19,63703;-0,6967869;-5,1863;0,9511175;0;0;0;0;0;-1;-1;0
19,65547;-0,6967869;-5,1863;0,9511175;0;0;0;0;0;-1;-1;0
19,66615;-0,6967869;-5,1863;0,9511175;0;0;0;0;0;-1;-1;0
19,67943;-0,6967869;-5,1863;0,9511175;0;0;0;0;0;-1;-1;0
19,69197;-0,6967869;-5,1863;0,9511175;0;0;0;0;0;-1;-1;0
19,70309;-0,6967869;-5,1863;0,9511175;0;0;0;0;0;-1;-1;0
19,7216;-0,6967869;-5,1863;0,9511175;0;0;0;0;0;-1;-1;0
19,73471;-0,6967869;-5,1863;0,9511175;0;0;0;0;0;-1;-1;0
19,75216;-0,6967869;-5,1863;0,9511175;0;0;0;0;0;-1;-1;0
19,76261;-0,6967869;-5,1863;0,9511175;0;0;0;0;0;-1;-1;0
19,77671;-0,6967869;-5,1863;0,9511175;0;0;0;0;0;-1;-1;0
19,78934;-0,6967869;-5,1863;0,9511175;0;0;0;0;0;-1;-1;0
19,79942;-0,6967869;-5,1863;0,9511175;0;0;0;0;0;-1;-1;0
19,81656;-0,6967869;-5,1863;0,9511175;0;0;0;0;0;-1;-1;0
19,82725;-0,6967869;-5,1863;0,9511175;0;0;0;0;0;-1;-1;0
19,83825;-0,6967869;-5,1863;0,9511175;0;0;0;0;0;-1;-1;0
19,8495;-0,6967869;-5,1863;0,9511175;0;0;0;0;0;-1;-1;0
19,86052;-0,6967869;-5,1863;0,9511175;0;0;0;0;0;-1;-1;0
19,87922;-0,6967869;-5,1863;0,9511175;0;0;0;0;0;-1;-1;0
19,8905;-0,6967869;-5,1863;0,9511175;0;0;0;0;0;-1;-1;0
19,90106;-0,6967869;-5,1863;0,9511175;0;0;0;0;0;-1;-1;0
19,91822;-0,6967869;-5,1863;0,9511175;0;0;0;0;0;-1;-1;0
19,9353;-0,6967869;-5,1863;0,9511175;0;0;0;0;0;-1;-1;0
19,94612;-0,6967869;-5,1863;0,9511175;0;0;0;0;0;-1;-1;0
19,95689;-0,6967869;-5,1863;0,9511175;0;0;0;0;0;-1;-1;0
19,96802;-0,6967869;-5,1863;0,9511175;0;0;0;0;0;-1;-1;0
19,97941;-0,6967869;-5,1863;0,9511175;0;0;0;0;0;-1;-1;0
19,99252;-0,6967869;-5,1863;0,9511175;0;0;0;0;0;-1;-1;0
20,00312;-0,6967869;-5,1863;0,9511175;0;0;0;0;0;-1;-1;0
20,01354;-0,6967869;-5,1863;0,9511175;0;0;0;0;0;-1;-1;0
20,02695;-0,6967869;-5,1863;0,9511175;0;0;0;0;0;-1;-1;0
20,03905;-0,6967869;-5,1863;0,9511175;0;0;0;0;0;-1;-1;0
20,0493;-0,6967869;-5,1863;0,9511175;0;0;0;0;0;-1;-1;0
20,06126;-0,6967869;-5,1863;0,9511175;0;0;0;0;0;-1;-1;0
20,07386;-0,6967869;-5,1863;0,9511175;0;0;0;0;0;-1;-1;0
20,08646;-0,6967869;-5,1863;0,9511175;0;0;0;0;0;-1;-1;0
20,09898;-0,6967869;-5,1863;0,9511175;0;0;0;0;0;-1;-1;0
20,11249;-0,6967869;-5,1863;0,9511175;0;0;0;0;0;-1;-1;0
20,12611;-0,6967869;-5,1863;0,9511175;0;0;0;0;0;-1;-1;0
20,13966;-0,6967869;-5,1863;0,9511175;0;0;0;0;0;-1;-1;0
20,15194;-0,6967869;-5,1863;0,9511175;0;0;0;0;0;-1;-1;0
20,16469;-0,6967869;-5,1863;0,9511175;0;0;0;0;0;-1;-1;0
20,17892;-0,6967869;-5,1863;0,9511175;0;0;0;0;0;-1;-1;0
20,19339;-0,6967869;-5,1863;0,9511175;0;0;0;0;0;-1;-1;0
20,20617;-0,6967869;-5,1863;0,9511175;0;0;0;0;0;-1;-1;0
20,2198;-0,6967869;-5,1863;0,9511175;0;0;0;0;0;-1;-1;0
20,24064;-0,6967869;-5,1863;0,9511175;0;0;0;0;0;-1;-1;0
20,2539;-0,6967869;-5,1863;0,9511175;0;0;0;0;0;-1;-1;0
20,26744;-0,6967869;-5,1863;0,9511175;0;0;0;0;0;-1;-1;0
20,2804;-0,6967869;-5,1863;0,9511175;0;0;0;0;0;-1;-1;0
20,2938;-0,6967869;-5,1863;0,9511175;0;0;0;0;0;-1;-1;0
20,30575;-0,6967869;-5,1863;0,9511175;0;0;0;0;0;-1;-1;0
20,31674;-0,6967869;-5,1863;0,9511175;0;0;0;0;0;-1;-1;0
20,32891;-0,6967869;-5,1863;0,9511175;0;0;0;0;0;-1;-1;0
20,34729;-0,6967869;-5,1863;0,9511175;0;0;0;0;0;-1;-1;0
20,35729;-0,6967869;-5,1863;0,9511175;0;0;0;0;0;-1;-1;0
20,36886;-0,6967869;-5,1863;0,9511175;0;0;0;0;0;-1;-1;0
20,38733;-0,6967869;-5,1863;0,9511175;0;0;0;0;0;-1;-1;0
20,39748;-0,6967869;-5,1863;0,9511175;0;0;0;0;0;-1;-1;0
20,41172;-0,6967869;-5,1863;0,9511175;0;0;0;0;0;-1;-1;0
20,43079;-0,6967869;-5,1863;0,9511175;0;0;0;0;0;-1;-1;0
20,44086;-0,6967869;-5,1863;0,9511175;0;0;0;0;0;-1;-1;0
20,45235;-0,6967869;-5,1863;0,9511175;0;0;0;0;0;-1;-1;0
20,46342;-0,6967869;-5,1863;0,9511175;0;0;0;0;0;-1;-1;0
20,47628;-0,6967869;-5,1863;0,9511175;0;0;0;0;0;-1;-1;0
20,49168;-0,6967869;-5,1863;0,9511175;0;0;0;0;0;-1;-1;0
20,50452;-0,6967869;-5,1863;0,9511175;0;0;0;0;0;-1;-1;0
20,51699;-0,6967869;-5,1863;0,9511175;0;0;0;0;0;-1;-1;0
20,53149;-0,6967869;-5,1863;0,9511175;0;0;0;0;0;-1;-1;0
20,54323;-0,6967869;-5,1863;0,9511175;0;0;0;0;0;-1;-1;0
20,55547;-0,6967869;-5,1863;0,9511175;0;0;0;0;0;-1;-1;0
20,56773;-0,6967869;-5,1863;0,9511175;0;0;0;0;0;-1;-1;0
20,58154;-0,6967869;-5,1863;0,9511175;0;0;0;0;0;-1;-1;0
20,59598;-0,6967869;-5,1863;0,9511175;0;0;0;0;0;-1;-1;0
20,61941;-0,6967869;-5,1863;0,9511175;0;0;0;0;0;-1;-1;0
20,63265;-0,6967869;-5,1863;0,9511175;0;0;0;0;0;-1;-1;0
20,64879;-0,6967869;-5,1863;0,9511175;0;0;0;0;0;-1;-1;0
20,66925;-0,6967869;-5,1863;0,9511175;0;0;0;0;0;-1;-1;0
20,69535;-0,6967869;-5,1863;0,9511175;0;0;0;0;0;-1;-1;0
20,71018;-0,6967869;-5,1863;0,9511175;0;0;0;0;0;-1;-1;0
20,72322;-0,6967869;-5,1863;0,9511175;0;0;0;0;0;-1;-1;0
20,75179;-0,6967869;-5,1863;0,9511175;0;0;0;0;0;-1;-1;0
20,76954;-0,6967869;-5,1863;0,9511175;0;0;0;0;0;-1;-1;0
20,7804;-0,6967869;-5,1863;0,9511175;0;0;0;0;0;-1;-1;0
20,79382;-0,6967869;-5,1863;0,9511175;0;0;0;0;0;-1;-1;0
20,83463;-0,6967869;-5,1863;0,9511175;0;0;0;0;0;-1;-1;0
20,84822;-0,6967869;-5,1863;0,9511175;0;0;0;0;0;-1;-1;0
20,85922;-0,6967869;-5,1863;0,9511175;0;0;0;0;0;-1;-1;0
20,871;-0,6967869;-5,1863;0,9511175;0;0;0;0;0;-1;-1;0
20,88145;-0,6967869;-5,1863;0,9511175;0;0;0;0;0;-1;-1;0
20,895;-0,6967869;-5,1863;0,9511175;0;0;0;0;0;-1;-1;0
20,90707;-0,6967869;-5,1863;0,9511175;0;0;0;0;0;-1;-1;0
20,91794;-0,6967869;-5,1863;0,9511175;0;0;0;0;0;-1;-1;0
20,93416;-0,6967869;-5,1863;0,9511175;0;0;0;0;0;-1;-1;0
20,94571;-0,6967869;-5,1863;0,9511175;0;0;0;0;0;-1;-1;0
20,96422;-0,6967869;-5,1863;0,9511175;0;0;0;0;0;-1;-1;0
20,97915;-0,6967869;-5,1863;0,9511175;0;0;0;0;0;-1;-1;0
20,99179;-0,6967869;-5,1863;0,9511175;0;0;0;0;0;-1;-1;0
21,00344;-0,6967869;-5,1863;0,9511175;0;0;0;0;0;-1;-1;0
21,01625;-0,6967869;-5,1863;0,9511175;0;0;0;0;0;-1;-1;0
21,02799;-0,6967869;-5,1863;0,9511175;0;0;0;0;0;-1;-1;0
21,04273;-0,6967869;-5,1863;0,9511175;0;0;0;0;0;-1;-1;0
21,05509;-0,6967869;-5,1863;0,9511175;0;0;0;0;0;-1;-1;0
21,06633;-0,6967869;-5,1863;0,9511175;0;0;0;0;0;-1;-1;0
21,07787;-0,6967869;-5,1863;0,9511175;0;0;0;0;0;-1;-1;0
21,08982;-0,6967869;-5,1863;0,9511175;0;0;0;0;0;-1;-1;0
21,1026;-0,6967869;-5,1863;0,9511175;0;0;0;0;0;-1;-1;0
21,12209;-0,6967869;-5,1863;0,9511175;0;0;0;0;0;-1;-1;0
21,13383;-0,6967869;-5,1863;0,9511175;0;0;0;0;0;-1;-1;0
21,14582;-0,6967869;-5,1863;0,9511175;0;0;0;0;0;-1;-1;0
21,15786;-0,6967869;-5,1863;0,9511175;0;0;0;0;0;-1;-1;0
21,16926;-0,6967869;-5,1863;0,9511175;0;0;0;0;0;-1;-1;0
21,18058;-0,6967869;-5,1863;0,9511175;0;0;0;0;0;-1;-1;0
21,19499;-0,6967869;-5,1863;0,9511175;0;0;0;0;0;-1;-1;0
21,20619;-0,6967869;-5,1863;0,9511175;0;0;0;0;0;-1;-1;0
21,21816;-0,6967869;-5,1863;0,9511175;0;0;0;0;0;-1;-1;0
21,23849;-0,6967869;-5,1863;0,9511175;0;0;0;0;0;-1;-1;0
21,25192;-0,6967869;-5,1863;0,9511175;0;0;0;0;0;-1;-1;0
21,26407;-0,6967869;-5,1863;0,9511175;0;0;0;0;0;-1;-1;0
21,28333;-0,6967869;-5,1863;0,9511175;0;0;0;0;0;-1;-1;0
21,29617;-0,6967869;-5,1863;0,9511175;0;0;0;0;0;-1;-1;0
21,30906;-0,6967869;-5,1863;0,9511175;0;0;0;0;0;-1;-1;0
21,32107;-0,6967869;-5,1863;0,9511175;0;0;0;0;0;-1;-1;0
21,3316;-0,6967869;-5,1863;0,9511175;0;0;0;0;0;-1;-1;0
21,34355;-0,6967869;-5,1863;0,9511175;0;0;0;0;0;-1;-1;0
21,35565;-0,6967869;-5,1863;0,9511175;0;0;0;0;0;-1;-1;0
21,3681;-0,6967869;-5,1863;0,9511175;0;0;0;0;0;-1;-1;0
21,37853;-0,6967869;-5,1863;0,9511175;0;0;0;0;0;-1;-1;0
21,39165;-0,6967869;-5,1863;0,9511175;0;0;0;0;0;-1;-1;0
21,40941;-0,6967869;-5,1863;0,9511175;0;0;0;0;0;-1;-1;0
21,42142;-0,6967869;-5,1863;0,9511175;0;0;0;0;0;-1;-1;0
21,43855;-0,6967869;-5,1863;0,9511175;0;0;0;0;0;-1;-1;0
21,44974;-0,6967869;-5,1863;0,9511175;0;0;0;0;0;-1;-1;0
21,46044;-0,6967869;-5,1863;0,9511175;0;0;0;0;0;-1;-1;0
21,47063;-0,6967869;-5,1863;0,9511175;0;0;0;0;0;-1;-1;0
21,48127;-0,6967869;-5,1863;0,9511175;0;0;0;0;0;-1;-1;0
21,49547;-0,6967869;-5,1863;0,9511175;0;0;0;0;0;-1;-1;0
21,51554;-0,6967869;-5,1863;0,9511175;0;0;0;0;0;-1;-1;0
21,5341;-0,6967869;-5,1863;0,9511175;0;0;0;0;0;-1;-1;0
21,54581;-0,6967869;-5,1863;0,9511175;0;0;0;0;0;-1;-1;0
21,55934;-0,6967869;-5,1863;0,9511175;0;0;0;0;0;-1;-1;0
21,57472;-0,6967869;-5,1863;0,9511175;0;0;0;0;0;-1;-1;0
21,5947;-0,6967869;-5,1863;0,9511175;0;0;0;0;0;-1;-1;0
21,61294;-0,6967869;-5,1863;0,9511175;0;0;0;0;0;-1;-1;0
21,6235;-0,6967869;-5,1863;0,9511175;0;0;0;0;0;-1;-1;0
21,63751;-0,6967869;-5,1863;0,9511175;0;0;0;0;0;-1;-1;0
21,64958;-0,6967869;-5,1863;0,9511175;0;0;0;0;0;-1;-1;0
21,66164;-0,6967869;-5,1863;0,9511175;0;0;0;0;0;-1;-1;0
21,67387;-0,6967869;-5,1863;0,9511175;0;0;0;0;0;-1;-1;0
21,69342;-0,6967869;-5,1863;0,9511175;0;0;0;0;0;-1;-1;0
21,70605;-0,6967869;-5,1863;0,9511175;0;0;0;0;0;-1;-1;0
21,72494;-0,6967869;-5,1863;0,9511175;0;0;0;0;0;-1;-1;0
21,74198;-0,6967869;-5,1863;0,9511175;0;0;0;0;0;-1;-1;0
21,75609;-0,6967869;-5,1863;0,9511175;0;0;0;0;0;-1;-1;0
21,76661;-0,6967869;-5,1863;0,9511175;0;0;0;0;0;-1;-1;0
21,78433;-0,6967869;-5,1863;0,9511175;0;0;0;0;0;-1;-1;0
21,7944;-0,6967869;-5,1863;0,9511175;0;0;0;0;0;-1;-1;0
21,80565;-0,6967869;-5,1863;0,9511175;0;0;0;0;0;-1;-1;0
21,81656;-0,6967869;-5,1863;0,9511175;0;0;0;0;0;-1;-1;0
21,82683;-0,6967869;-5,1863;0,9511175;0;0;0;0;0;-1;-1;0
21,83904;-0,6967869;-5,1863;0,9511175;0;0;0;0;0;-1;-1;0
21,85065;-0,6967869;-5,1863;0,9511175;0;0;0;0;0;-1;-1;0
21,86127;-0,6967869;-5,1863;0,9511175;0;0;0;0;0;-1;-1;0
21,87188;-0,6967869;-5,1863;0,9511175;0;0;0;0;0;-1;-1;0
21,88289;-0,6967869;-5,1863;0,9511175;0;0;0;0;0;-1;-1;0
21,89696;-0,6967869;-5,1863;0,9511175;0;0;0;0;0;-1;-1;0
21,90772;-0,6967869;-5,1863;0,9511175;0;0;0;0;0;-1;-1;0
21,91774;-0,6967869;-5,1863;0,9511175;0;0;0;0;0;-1;-1;0
21,92805;-0,6967869;-5,1863;0,9511175;0;0;0;0;0;-1;-1;0
21,94526;-0,6967869;-5,1863;0,9511175;0;0;0;0;0;-1;-1;0
21,95683;-0,6967869;-5,1863;0,9511175;0;0;0;0;0;-1;-1;0
21,96776;-0,6967869;-5,1863;0,9511175;0;0;0;0;0;-1;-1;0
21,98493;-0,6967869;-5,1863;0,9511175;0;0;0;0;0;-1;-1;0
21,99614;-0,6967869;-5,1863;0,9511175;0;0;0;0;0;-1;-1;0
22,00737;-0,6967869;-5,1863;0,9511175;0;0;0;0;0;-1;-1;0
22,01963;-0,6967869;-5,1863;0,9511175;0;0;0;0;0;-1;-1;0
22,02963;-0,6967869;-5,1863;0,9511175;0;0;0;0;0;-1;-1;0
22,04276;-0,6967869;-5,1863;0,9511175;0;0;0;0;0;-1;-1;0
22,05793;-0,6967869;-5,1863;0,9511175;0;0;0;0;0;-1;-1;0
22,06883;-0,6967869;-5,1863;0,9511175;0;0;0;0;0;-1;-1;0
22,08112;-0,6967869;-5,1863;0,9511175;0;0;0;0;0;-1;-1;0
22,09311;-0,6967869;-5,1863;0,9511175;0;0;0;0;0;-1;-1;0
22,10445;-0,6967869;-5,1863;0,9511175;0;0;0;0;0;-1;-1;0
22,11493;-0,6967869;-5,1863;0,9511175;0;0;0;0;0;-1;-1;0
22,12564;-0,6967869;-5,1863;0,9511175;0;0;0;0;0;-1;-1;0
22,13624;-0,6967869;-5,1863;0,9511175;0;0;0;0;0;-1;-1;0
22,14891;-0,6967869;-5,1863;0,9511175;0;0;0;0;0;-1;-1;0
22,16882;-0,6967869;-5,1863;0,9511175;0;0;0;0;0;-1;-1;0
22,17957;-0,6967869;-5,1863;0,9511175;0;0;0;0;0;-1;-1;0
22,19394;-0,6967869;-5,1863;0,9511175;0;0;0;0;0;-1;-1;0
22,21067;-0,6967869;-5,1863;0,9511175;0;0;0;0;0;-1;-1;0
22,22278;-0,6967869;-5,1863;0,9511175;0;0;0;0;0;-1;-1;0
22,23484;-0,6967869;-5,1863;0,9511175;0;0;0;0;0;-1;-1;0
22,25194;-0,6967869;-5,1863;0,9511175;0;0;0;0;0;-1;-1;0
22,26221;-0,6967869;-5,1863;0,9511175;0;0;0;0;0;-1;-1;0
22,27321;-0,6967869;-5,1863;0,9511175;0;0;0;0;0;-1;-1;0
22,28506;-0,6967869;-5,1863;0,9511175;0;0;0;0;0;-1;-1;0
22,29528;-0,6967869;-5,1863;0,9511175;0;0;0;0;0;-1;-1;0
22,30533;-0,6967869;-5,1863;0,9511175;0;0;0;0;0;-1;-1;0
22,31652;-0,6967869;-5,1863;0,9511175;0;0;0;0;0;-1;-1;0
22,32704;-0,6967869;-5,1863;0,9511175;0;0;0;0;0;-1;-1;0
22,3448;-0,6967869;-5,1863;0,9511175;0;0;0;0;0;-1;-1;0
22,36104;-0,6967869;-5,1863;0,9511175;0;0;0;0;0;-1;-1;0
22,37119;-0,6967869;-5,1863;0,9511175;0;0;0;0;0;-1;-1;0
22,38153;-0,6967869;-5,1863;0,9511175;0;0;0;0;0;-1;-1;0
22,392;-0,6967869;-5,1863;0,9511175;0;0;0;0;0;-1;-1;0
22,4088;-0,6967869;-5,1863;0,9511175;0;0;0;0;0;-1;-1;0
22,41896;-0,6967869;-5,1863;0,9511175;0;0;0;0;0;-1;-1;0
22,43151;-0,6967869;-5,1863;0,9511175;0;0;0;0;0;-1;-1;0
22,44365;-0,6967869;-5,1863;0,9511175;0;0;0;0;0;-1;-1;0
22,45549;-0,6967869;-5,1863;0,9511175;0;0;0;0;0;-1;-1;0
22,46699;-0,6967869;-5,1863;0,9511175;0;0;0;0;0;-1;-1;0
22,47758;-0,6967869;-5,1863;0,9511175;0;0;0;0;0;-1;-1;0
22,4895;-0,6967869;-5,1863;0,9511175;0;0;0;0;0;-1;-1;0
22,50105;-0,6967869;-5,1863;0,9511175;0;0;0;0;0;-1;-1;0
22,51399;-0,6967869;-5,1863;0,9511175;0;0;0;0;0;-1;-1;0
22,52467;-0,6967869;-5,1863;0,9511175;0;0;0;0;0;-1;-1;0
22,542;-0,6967869;-5,1863;0,9511175;0;0;0;0;0;-1;-1;0
22,55232;-0,6967869;-5,1863;0,9511175;0;0;0;0;0;-1;-1;0
22,5652;-0,6967869;-5,1863;0,9511175;0;0;0;0;0;-1;-1;0
22,58332;-0,6967869;-5,1863;0,9511175;0;0;0;0;0;-1;-1;0
22,59886;-0,6967869;-5,1863;0,9511175;0;0;0;0;0;-1;-1;0
22,61605;-0,6967869;-5,1863;0,9511175;0;0;0;0;0;-1;-1;0
22,62815;-0,6967869;-5,1863;0,9511175;0;0;0;0;0;-1;-1;0
22,63921;-0,6967869;-5,1863;0,9511175;0;0;0;0;0;-1;-1;0
22,65204;-0,6967869;-5,1863;0,9511175;0;0;0;0;0;-1;-1;0
22,67059;-0,6967869;-5,1863;0,9511175;0;0;0;0;0;-1;-1;0
22,68201;-0,6967869;-5,1863;0,9511175;0;0;0;0;0;-1;-1;0
22,69434;-0,6967869;-5,1863;0,9511175;0;0;0;0;0;-1;-1;0
22,70853;-0,6967869;-5,1863;0,9511175;0;0;0;0;0;-1;-1;0
22,72104;-0,6967869;-5,1863;0,9511175;0;0;0;0;0;-1;-1;0
22,73236;-0,6967869;-5,1863;0,9511175;0;0;0;0;0;-1;-1;0
22,74438;-0,6967869;-5,1863;0,9511175;0;0;0;0;0;-1;-1;0
22,75675;-0,6967869;-5,1863;0,9511175;0;0;0;0;0;-1;-1;0
22,77022;-0,6967869;-5,1863;0,9511175;0;0;0;0;0;-1;-1;0
22,78239;-0,6967869;-5,1863;0,9511175;0;0;0;0;0;-1;-1;0
22,79529;-0,6967869;-5,1863;0,9511175;0;0;0;0;0;-1;-1;0
22,80738;-0,6967869;-5,1863;0,9511175;0;0;0;0;0;-1;-1;0
22,82754;-0,6967869;-5,1863;0,9511175;0;0;0;0;0;-1;-1;0
22,83987;-0,6967869;-5,1863;0,9511175;0;0;0;0;0;-1;-1;0
22,86006;-0,6967869;-5,1863;0,9511175;0;0;0;0;0;-1;-1;0
22,87162;-0,6967869;-5,1863;0,9511175;0;0;0;0;0;-1;-1;0
22,88255;-0,6967869;-5,1863;0,9511175;0;0;0;0;0;-1;-1;0
22,90074;-0,6967869;-5,1863;0,9511175;0;0;0;0;0;-1;-1;0
22,91323;-0,6967869;-5,1863;0,9511175;0;0;0;0;0;-1;-1;0
22,92621;-0,6967869;-5,1863;0,9511175;0;0;0;0;0;-1;-1;0
22,93935;-0,6967869;-5,1863;0,9511175;0;0;0;0;0;-1;-1;0
22,95228;-0,6967869;-5,1863;0,9511175;0;0;0;0;0;-1;-1;0
22,96515;-0,6967869;-5,1863;0,9511175;0;0;0;0;0;-1;-1;0
22,98408;-0,6967869;-5,1863;0,9511175;0;0;0;0;0;-1;-1;0
23,00199;-0,6967869;-5,1863;0,9511175;0;0;0;0;0;-1;-1;0
23,01588;-0,6967869;-5,1863;0,9511175;0;0;0;0;0;-1;-1;0
23,03133;-0,6967869;-5,1863;0,9511175;0;0;0;0;0;-1;-1;0
23,04306;-0,6967869;-5,1863;0,9511175;0;0;0;0;0;-1;-1;0
23,05601;-0,6967869;-5,1863;0,9511175;0;0;0;0;0;-1;-1;0
23,06793;-0,6967869;-5,1863;0,9511175;0;0;0;0;0;-1;-1;0
