Simulation time (s);Position vector;;;Euler rotation vector;;;Magnitude (m/sÂ²);Mean speed (m/s);Nb Steps;Mean step length (m);Mean step time (s);Mean step pause (s)
4,790878;-0,7987562;0,06353087;5,559147;4,279186;152,704;1,249068;7,050005;0,7481522;4;1,660787;-0,9381925;0,5382361
5,124212;-0,8025479;0,05750843;5,56275;358,7947;151,7644;357,9236;0,002497521;0,7003633;4;1,660787;-0,9381925;0,5382361
5,147898;-0,802719;0,05735777;5,562729;358,6446;151,7448;357,9252;0,640866;0,6971649;4;0,7618554;0,5095271;0,5382361
5,163859;-0,802719;0,05735777;5,562729;358,6446;151,7448;357,9252;0,2190385;0,6950037;4;0,7618554;0,5095271;0,5382361
5,175415;-0,8030528;0,05741305;5,563004;358,7069;151,8004;358,2224;0,003813043;0,6935313;4;0,7618554;0,5095271;0,5382361
5,189974;-0,8032271;0,05731539;5,563142;358,6093;151,7977;358,2972;0,00166621;0,6916229;4;0,7618554;0,5095271;0,5382361
5,205046;-0,8032263;0,05732106;5,563305;358,5388;151,8664;358,2506;0,3492821;0,6896457;4;0,7618554;0,5095271;0,5382361
5,217547;-0,8032263;0,05732106;5,563305;358,5388;151,8664;358,2506;0,123193;0,6879885;4;0,7618554;0,5095271;0,5382361
5,229457;-0,8030965;0,05733858;5,563778;358,5803;151,9169;358,705;0,004065096;0,6865112;4;0,7618554;0,5095271;0,5382361
5,241341;-0,8030965;0,05733858;5,563778;358,5803;151,9169;358,705;0,1505599;0,6849501;4;0,7618554;0,5095271;0,5382361
5,251372;-0,8034444;0,05747718;5,564602;358,2007;152,2426;358,7962;0,008850659;0,6838087;4;0,7618554;0,5095271;0,5382361
5,266037;-0,8037431;0,0576182;5,56445;358,1524;152,1861;358,8857;0,08085886;0,6819626;4;0,7618554;0,5095271;0,5382361
5,276005;-0,8037431;0,0576182;5,56445;358,1524;152,1861;358,8857;2,675349E-09;0,6806706;4;0,7618554;0,5095271;0,5382361
5,291187;-0,8038476;0,05811709;5,564838;357,717;151,9505;359,5701;0,1553522;0,678788;4;0,7618554;0,5095271;0,5382361
5,305871;-0,8039901;0,05862103;5,565214;357,2862;152,0356;359,8716;0,07792986;0,6769801;4;0,7618554;0,5095271;0,5382361
5,320191;-0,8039901;0,05862103;5,565214;357,2862;152,0356;359,8716;8,855643E-10;0,6751526;4;0,7618554;0,5095271;0,5382361
5,333539;-0,8044814;0,06111117;5,566833;355,2702;152,2589;0,9724449;0,09540519;0,6737762;4;0,7618554;0,5095271;0,5382361
5,34757;-0,8047149;0,06222375;5,567644;354,394;152,4062;1,522166;0,009530442;0,6721616;4;0,7618554;0,5095271;0,5382361
5,36418;-0,8047149;0,06222375;5,567644;354,394;152,4062;1,522166;0,03694089;0,6700745;4;0,7618554;0,5095271;0,5382361
5,377541;-0,8047149;0,06222375;5,567644;354,394;152,4062;1,522166;0,00226613;0,6684049;4;0,7618554;0,5095271;0,5382361
5,389386;-0,8047149;0,06222375;5,567644;354,394;152,4062;1,522166;0,002024735;0,6669317;4;0,7618554;0,5095271;0,5382361
5,4013;-0,8047149;0,06222375;5,567644;354,394;152,4062;1,522166;8,16726E-10;0,6654564;4;0,7618554;0,5095271;0,5382361
5,413579;-0,8047149;0,06222375;5,567644;354,394;152,4062;1,522166;0,008402148;0,6639428;4;0,7618554;0,5095271;0,5382361
5,424699;-0,8047149;0,06222375;5,567644;354,394;152,4062;1,522166;0,003710866;0,6625779;4;0,7618554;0,5095271;0,5382361
5,437385;-0,8047149;0,06222375;5,567644;354,394;152,4062;1,522166;0,002431023;0,6610277;4;0,7618554;0,5095271;0,5382361
5,456398;-0,8047149;0,06222375;5,567644;354,394;152,4062;1,522166;8,233868E-10;0,658718;4;0,7618554;0,5095271;0,5382361
5,473989;-0,8047149;0,06222375;5,567644;354,394;152,4062;1,522166;0,00892798;0,6565952;4;0,7618554;0,5095271;0,5382361
5,491037;-0,8047149;0,06222375;5,567644;354,394;152,4062;1,522166;7,911899E-10;0,654551;4;0,7618554;0,5095271;0,5382361
5,503523;-0,8047149;0,06222375;5,567644;354,394;152,4062;1,522166;0,01911975;0,6530619;4;0,7618554;0,5095271;0,5382361
5,515978;-0,8047149;0,06222375;5,567644;354,394;152,4062;1,522166;0,005203818;0,6515833;4;0,7618554;0,5095271;0,5382361
5,53393;-0,8047149;0,06222375;5,567644;354,394;152,4062;1,522166;7,725499E-10;0,6494637;4;0,7618554;0,5095271;0,5382361
5,54647;-0,8047149;0,06222375;5,567644;354,394;152,4062;1,522166;0,008667668;0,6479912;4;0,7618554;0,5095271;0,5382361
5,559079;-0,8047149;0,06222375;5,567644;354,394;152,4062;1,522166;0,009103175;0,6465175;4;0,7618554;0,5095271;0,5382361
5,572433;-0,8047149;0,06222375;5,567644;354,394;152,4062;1,522166;7,764042E-10;0,6449639;4;0,7618554;0,5095271;0,5382361
5,589466;-0,849894;0,1301595;5,782292;318,9821;160,464;10,67946;2,745394;0,6823438;4;0,7618554;0,5095271;0,5382361
5,605189;-0,8540413;0,1280469;5,802115;320,4457;160,0144;10,4795;0,2549188;0,6840475;5;1,734584;-0,9102715;0,5904965
5,621356;-0,8540413;0,1280469;5,802115;320,4457;160,0144;10,4795;2,704469E-08;0,6820748;5;1,734584;-0,9102715;0,5904965
5,632634;-0,8540413;0,1280469;5,802115;320,4457;160,0144;10,4795;2,758175E-08;0,6807055;5;1,734584;-0,9102715;0,5904965
5,643377;-0,8540413;0,1280469;5,802115;320,4457;160,0144;10,4795;2,785336E-08;0,6794062;5;1,734584;-0,9102715;0,5904965
5,656246;-0,8540413;0,1280469;5,802115;320,4457;160,0144;10,4795;2,774646E-08;0,6778562;5;1,734584;-0,9102715;0,5904965
5,669247;-0,8540413;0,1280469;5,802115;320,4457;160,0144;10,4795;2,763402E-08;0,6762975;5;1,734584;-0,9102715;0,5904965
5,678854;-0,8540413;0,1280469;5,802115;320,4457;160,0144;10,4795;2,791234E-08;0,6751503;5;1,734584;-0,9102715;0,5904965
5,688458;-0,8540413;0,1280469;5,802115;320,4457;160,0144;10,4795;2,807286E-08;0,6740075;5;1,734584;-0,9102715;0,5904965
5,697572;-0,8540413;0,1280469;5,802115;320,4457;160,0144;10,4795;2,845826E-08;0,6729264;5;1,734584;-0,9102715;0,5904965
5,705879;-0,899137;0,0914745;6,033669;339,1335;162,8333;1,70781;6,399396;0,7133985;5;1,734584;-0,9102715;0,5904965
5,720068;-0,899137;0,0914745;6,033669;339,1335;162,8333;1,70781;0;0,7116241;5;1,734584;-0,9102715;0,5904965
5,728985;-0,899137;0,0914745;6,033669;339,1335;162,8333;1,70781;0;0,7105135;5;1,734584;-0,9102715;0,5904965
5,743855;-0,899137;0,0914745;6,033669;339,1335;162,8333;1,70781;0;0,7086692;5;1,734584;-0,9102715;0,5904965
5,759379;-0,899137;0,0914745;6,033669;339,1335;162,8333;1,70781;0;0,706754;5;1,734584;-0,9102715;0,5904965
5,776669;-0,9297947;0,07378261;6,214663;354,1297;167,9613;358,8295;2,441277;0,7364951;5;1,734584;-0,9102715;0,5904965
5,791681;-0,9297947;0,07378261;6,214663;354,1297;167,9613;358,8295;0;0,7345811;5;1,734584;-0,9102715;0,5904965
5,80205;-0,9297947;0,07378261;6,214663;354,1297;167,9613;358,8295;0;0,7332649;5;1,734584;-0,9102715;0,5904965
5,811145;-0,9297947;0,07378261;6,214663;354,1297;167,9613;358,8295;3,137639;0,7321141;5;1,734584;-0,9102715;0,5904965
5,821763;-0,9297947;0,07378261;6,214663;354,1297;167,9613;358,8295;0,3097189;0,7307755;5;1,734584;-0,9102715;0,5904965
5,830759;-0,9297947;0,07378261;6,214663;354,1297;167,9613;358,8295;0;0,7296451;5;1,734584;-0,9102715;0,5904965
5,854078;-0,9707927;0,08998831;6,411751;12,20729;159,9673;357,4894;2,067469;0,7612081;5;1,734584;-0,9102715;0,5904965
5,869843;-0,9790985;0,1001829;6,45149;17,10415;157,0226;357,0941;0,6218277;0,7660926;5;1,734584;-0,9102715;0,5904965
5,890909;-0,9851668;0,1093438;6,484102;20,67858;155,9535;355,7802;0,3666561;0,7689916;5;1,734584;-0,9102715;0,5904965
5,902077;-0,9851668;0,1093438;6,484102;20,67858;155,9535;355,7802;5,388062E-08;0,7675327;5;1,734584;-0,9102715;0,5904965
5,917674;-0,9879242;0,1122563;6,506021;23,17706;157,3957;357,3588;0,319485;0,7692472;5;1,734584;-0,9102715;0,5904965
5,9318;-0,9896775;0,1085964;6,52037;22,28242;160,0079;359,1209;0,2318537;0,769854;5;1,734584;-0,9102715;0,5904965
5,943387;-0,9896775;0,1085964;6,52037;22,28242;160,0079;359,1209;5,19576E-08;0,7683493;5;1,734584;-0,9102715;0,5904965
5,955529;-0,9896775;0,1085964;6,52037;22,28242;160,0079;359,1209;6,189117;0,7667788;5;1,734584;-0,9102715;0,5904965
5,969662;-0,9982142;0,09628017;6,533028;19,17865;161,5872;0,0208081;0,2923014;0,7675228;5;1,734584;-0,9102715;0,5904965
5,990958;-0,9982142;0,09628017;6,533028;19,17865;161,5872;0,0208081;4,88961E-08;0,7647876;5;1,734584;-0,9102715;0,5904965
6,002069;-0,9982142;0,09628017;6,533028;19,17865;161,5872;0,0208081;4,850328E-08;0,7633682;5;1,734584;-0,9102715;0,5904965
6,015134;-1,012922;0,08238943;6,544315;11,8552;157,7277;357,9108;0,3631441;0,764796;5;1,734584;-0,9102715;0,5904965
6,029134;-1,018404;0,07446764;6,549864;8,185726;155,6567;358,9803;2,095863;0,7643125;5;1,734584;-0,9102715;0,5904965
6,041329;-1,018404;0,07446764;6,549864;8,185726;155,6567;358,9803;5,043655E-08;0,7627658;5;1,734584;-0,9102715;0,5904965
6,054788;-1,020514;0,0674774;6,55336;6,021403;155,334;1,241172;0,1270037;0,7617421;5;1,734584;-0,9102715;0,5904965
6,070626;-1,020265;0,06239876;6,555811;3,893471;155,5203;2,217179;0,07372244;0,7601566;5;1,734584;-0,9102715;0,5904965
6,088532;-1,02018;0,06192105;6,55789;0,9813244;155,2047;358,791;0,02387887;0,758258;5;1,734584;-0,9102715;0,5904965
6,10189;-1,02018;0,06192105;6,55789;0,9813244;155,2047;358,791;4,777185E-08;0,756594;5;1,734584;-0,9102715;0,5904965
6,113163;-1,02065;0,06063822;6,559231;359,922;154,985;358,2701;1,681213;0,7554281;5;1,734584;-0,9102715;0,5904965
6,125233;-1,021052;0,06000441;6,559818;359,395;154,8716;357,9871;0,535957;0,7540525;5;1,734584;-0,9102715;0,5904965
6,142096;-1,021052;0,06000441;6,559818;359,395;154,8716;357,9871;0,3333606;0,7519771;5;1,734584;-0,9102715;0,5904965
6,154596;-1,021867;0,0588458;6,560642;358,7631;154,692;357,8918;0,0276198;0,7506348;5;1,734584;-0,9102715;0,5904965
6,170473;-1,022245;0,05834888;6,561069;358,545;154,6217;357,8561;0,2905915;0,7487913;5;1,734584;-0,9102715;0,5904965
6,187218;-1,022351;0,05822207;6,561205;358,4241;154,5937;357,7997;0,2154408;0,7467875;5;1,734584;-0,9102715;0,5904965
6,198892;-1,022351;0,05822207;6,561205;358,4241;154,5937;357,7997;7,772846E-09;0,7453778;5;1,734584;-0,9102715;0,5904965
6,210933;-1,022545;0,05782411;6,561473;358,2982;154,5737;357,8552;0,008925798;0,7439826;5;1,734584;-0,9102715;0,5904965
6,229433;-1,022664;0,05765539;6,561557;358,2307;154,5402;357,8878;0,2791757;0,7417912;5;1,734584;-0,9102715;0,5904965
6,243746;-1,022664;0,05765539;6,561557;358,2307;154,5402;357,8878;7,435663E-09;0,7400866;5;1,734584;-0,9102715;0,5904965
6,254971;-1,022839;0,05752758;6,561666;358,2103;154,4455;357,9366;0,004545027;0,7387882;5;1,734584;-0,9102715;0,5904965
6,269577;-1,022809;0,057391;6,56171;358,1112;154,4538;357,9289;0,3670677;0,7370716;5;1,734584;-0,9102715;0,5904965
6,283051;-1,022809;0,057391;6,56171;358,1112;154,4538;357,9289;0,1646542;0,7354872;5;1,734584;-0,9102715;0,5904965
6,292949;-1,022951;0,05716118;6,56147;358,169;154,4582;358,1983;0,00769332;0,734372;5;1,734584;-0,9102715;0,5904965
6,305482;-1,022908;0,05731749;6,561838;357,9983;154,4803;357,9298;0,1264644;0,7329677;5;1,734584;-0,9102715;0,5904965
6,314907;-1,022908;0,05731749;6,561838;357,9983;154,4803;357,9298;0,07611953;0,7318711;5;1,734584;-0,9102715;0,5904965
6,323647;-1,022908;0,05731749;6,561838;357,9983;154,4803;357,9298;0,02617835;0,7308571;5;1,734584;-0,9102715;0,5904965
6,334067;-1,023039;0,0570841;6,561657;358,1541;154,4854;358,3735;0,007011798;0,7296873;5;1,734584;-0,9102715;0,5904965
6,352705;-1,02304;0,05707534;6,561663;358,1135;154,4879;358,3869;0,03748741;0,7275423;5;1,734584;-0,9102715;0,5904965
6,372457;-1,023062;0,0571028;6,561729;358,1119;154,4817;358,4286;0,01659085;0,7252929;5;1,734584;-0,9102715;0,5904965
6,397836;-1,023024;0,05709174;6,561718;358,1209;154,501;358,4749;0,0003345577;0,7224152;5;1,734584;-0,9102715;0,5904965
6,411886;-1,023123;0,05723843;6,561887;358,0404;154,5173;358,3856;0,0267881;0,7208589;5;1,734584;-0,9102715;0,5904965
6,425813;-1,022772;0,05726561;6,561358;358,0588;154,1339;358,4859;0,01798458;0,7193918;5;1,734584;-0,9102715;0,5904965
6,439283;-1,022772;0,05726561;6,561358;358,0588;154,1339;358,4859;0,002635485;0,7178834;5;1,734584;-0,9102715;0,5904965
6,453282;-1,022772;0,05726256;6,561331;358,0663;154,1519;358,5043;0,0004150486;0,7163267;5;1,734584;-0,9102715;0,5904965
6,465173;-1,022547;0,05728458;6,561244;358,0757;153,9729;358,5357;0,01203104;0,7150437;5;1,734584;-0,9102715;0,5904965
6,476114;-1,022547;0,05728458;6,561244;358,0757;153,9729;358,5357;0,002527257;0,7138329;5;1,734584;-0,9102715;0,5904965
6,489551;-1,02322;0,0571348;6,561729;358,0933;154,5664;358,354;0,01341011;0,7124796;5;1,734584;-0,9102715;0,5904965
6,503159;-1,02322;0,0571348;6,561729;358,0933;154,5664;358,354;0,004625636;0,7109852;5;1,734584;-0,9102715;0,5904965
6,513124;-1,023219;0,05713904;6,561802;358,0551;154,6186;358,2055;0,002330541;0,709906;5;1,734584;-0,9102715;0,5904965
6,526669;-1,023172;0,05703188;6,561491;358,0865;154,5682;358,4911;0,005301169;0,7084777;5;0,8130617;0,5508249;0,5904965
6,545532;-1,02363;0,05636833;6,561043;358,0002;154,4691;358,7885;0,003293432;0,7065293;5;0,8130617;0,5508249;0,5904965
6,564325;-1,02363;0,05636833;6,561043;358,0002;154,4691;358,7885;0,006569529;0,7045019;5;0,8130617;0,5508249;0,5904965
6,577796;-1,023611;0,0563861;6,561144;357,8202;154,513;358,5153;0,001581085;0,7030715;5;0,8130617;0,5508249;0,5904965
6,590729;-1,024093;0,05592825;6,560863;358,5038;154,577;359,8113;0,01123773;0,7017735;5;0,8130617;0,5508249;0,5904965
6,602486;-1,024093;0,05592825;6,560863;358,5038;154,577;359,8113;0,006174337;0,700521;5;0,8130617;0,5508249;0,5904965
6,616047;-1,023865;0,05617203;6,561597;358,1689;154,55;359,2382;0,01168252;0,6991981;5;0,8130617;0,5508249;0,5904965
6,62712;-1,023801;0,05613913;6,561683;358,1341;154,5172;359,2554;0,001882349;0,6980433;5;0,8130617;0,5508249;0,5904965
6,642098;-1,023801;0,05613913;6,561683;358,1341;154,5172;359,2554;0,0003382333;0,6964656;5;0,8130617;0,5508249;0,5904965
6,656619;-1,024119;0,0561418;6,56147;358,2366;154,5151;359,7482;0,006915373;0,6950006;5;0,8130617;0,5508249;0,5904965
6,668246;-1,024196;0,05614238;6,561519;358,211;154,5472;359,8297;0,01143656;0,6937996;5;0,8130617;0,5508249;0,5904965
6,688459;-1,024624;0,05619433;6,561467;358,3411;154,819;0,2877595;0,004544402;0,6917626;5;0,8130617;0,5508249;0,5904965
6,706341;-1,024392;0,05651178;6,561941;357,9421;154,7898;359,9385;0,007508936;0,6899928;5;0,8130617;0,5508249;0,5904965
6,720269;-1,024392;0,05651178;6,561941;357,9421;154,7898;359,9385;0,004252149;0,6885596;5;0,8130617;0,5508249;0,5904965
6,734418;-1,02448;0,05752147;6,56308;356,5845;154,6981;359,9648;0,02223032;0,6872795;5;0,8130617;0,5508249;0,5904965
6,746146;-1,024705;0,05836292;6,563776;355,8163;154,7999;0,1257474;0,01882143;0,6861908;5;0,8130617;0,5508249;0,5904965
6,75848;-1,024705;0,05836292;6,563776;355,8163;154,7999;0,1257474;1,539144E-09;0,6849357;5;0,8130617;0,5508249;0,5904965
6,769547;-1,025267;0,06265225;6,566974;352,4067;154,9359;1,366219;0,1004062;0,6842941;5;0,8130617;0,5508249;0,5904965
6,784573;-1,025267;0,06265225;6,566974;352,4067;154,9359;1,366219;0,005020781;0,6827751;5;0,8130617;0,5508249;0,5904965
6,796205;-1,025267;0,06265225;6,566974;352,4067;154,9359;1,366219;0,01008146;0,6816039;5;0,8130617;0,5508249;0,5904965
6,807149;-1,025267;0,06265225;6,566974;352,4067;154,9359;1,366219;0;0,6805056;5;0,8130617;0,5508249;0,5904965
6,8196;-1,025267;0,06265225;6,566974;352,4067;154,9359;1,366219;0,001686616;0,6792604;5;0,8130617;0,5508249;0,5904965
6,830315;-1,025267;0,06265225;6,566974;352,4067;154,9359;1,366219;0,01227481;0,6781925;5;0,8130617;0,5508249;0,5904965
6,840479;-1,025267;0,06265225;6,566974;352,4067;154,9359;1,366219;0;0,6771825;5;0,8130617;0,5508249;0,5904965
6,861135;-1,025267;0,06265225;6,566974;352,4067;154,9359;1,366219;0,01276024;0,6751393;5;0,8130617;0,5508249;0,5904965
6,872968;-1,025267;0,06265225;6,566974;352,4067;154,9359;1,366219;0,002192531;0,6739743;5;0,8130617;0,5508249;0,5904965
6,885995;-1,025267;0,06265225;6,566974;352,4067;154,9359;1,366219;0;0,6726965;5;0,8130617;0,5508249;0,5904965
6,905728;-1,025267;0,06265225;6,566974;352,4067;154,9359;1,366219;0,005555945;0,67077;5;0,8130617;0,5508249;0,5904965
6,918583;-1,025267;0,06265225;6,566974;352,4067;154,9359;1,366219;0,001652135;0,669521;5;0,8130617;0,5508249;0,5904965
6,928284;-1,025267;0,06265225;6,566974;352,4067;154,9359;1,366219;0,004589967;0,6685814;5;0,8130617;0,5508249;0,5904965
6,939462;-1,025267;0,06265225;6,566974;352,4067;154,9359;1,366219;0,007623233;0,6675022;5;0,8130617;0,5508249;0,5904965
6,948981;-1,025267;0,06265225;6,566974;352,4067;154,9359;1,366219;0;0,6665857;5;0,8130617;0,5508249;0,5904965
6,959181;-1,025267;0,06265225;6,566974;352,4067;154,9359;1,366219;0,0250526;0,6656066;5;0,8130617;0,5508249;0,5904965
6,970743;-1,025267;0,06265225;6,566974;352,4067;154,9359;1,366219;0,02235192;0,6645002;5;0,8130617;0,5508249;0,5904965
7,010167;-1,025267;0,06265225;6,566974;352,4067;154,9359;1,366219;0;0,660755;5;0,8130617;0,5508249;0,5904965
7,037647;-1,025267;0,06265225;6,566974;352,4067;154,9359;1,366219;0,09672904;0,6581694;5;0,8130617;0,5508249;0,5904965
7,055962;-1,085957;0,1206849;6,876949;326,7134;128,1504;7,671165;3,401289;0,7013191;5;0,8130617;0,5508249;0,5904965
7,078348;-1,1031;0,108795;6,944569;331,568;126,8606;2,649694;0,5977792;0,7089727;6;1,785306;-0,8836395;0,6321148
7,088889;-1,109992;0,1042955;6,967365;333,5031;126,4452;0,9678569;0,436438;0,711283;6;1,785306;-0,8836395;0,6321148
7,104535;-1,109992;0,1042955;6,967365;333,5031;126,4452;0,9678569;4,724129E-08;0,7097132;6;1,785306;-0,8836395;0,6321148
7,113022;-1,125776;0,0956425;7,014267;337,4471;124,7229;358,5461;1,120773;0,7158366;6;1,785306;-0,8836395;0,6321148
7,123309;-1,125776;0,0956425;7,014267;337,4471;124,7229;358,5461;3,196625E-08;0,7148007;6;1,785306;-0,8836395;0,6321148
7,133512;-1,144998;0,08684909;7,060304;341,7599;122,4622;355,8734;0,941266;0,7207846;6;1,785306;-0,8836395;0,6321148
7,14528;-1,156215;0,08265311;7,082748;343,9505;120,7953;354,8315;0,4226929;0,723114;6;1,785306;-0,8836395;0,6321148
7,167095;-1,182131;0,07531232;7,125452;348,0735;115,7661;352,901;0,4371663;0,7278929;6;1,785306;-0,8836395;0,6321148
7,188792;-1,227958;0,06709499;7,177519;354,0074;105,0799;351,0625;0,5906124;0,7353603;6;1,785306;-0,8836395;0,6321148
7,205731;-1,243932;0,06569003;7,191225;356,0688;100,6987;351,1155;0,2306106;0,7365552;6;1,785306;-0,8836395;0,6321148
7,219039;-1,243932;0,06569003;7,191225;356,0688;100,6987;351,1155;7,43542E-08;0,7351945;6;1,785306;-0,8836395;0,6321148
7,231789;-1,283697;0,06118994;7,214264;359,5439;88,79886;355,8039;0,6629703;0,740264;6;1,785306;-0,8836395;0,6321148
7,246744;-1,289505;0,0591262;7,216466;359,835;86,90053;358,2232;0,0791202;0,739592;6;1,785306;-0,8836395;0,6321148
7,262928;-1,289505;0,0591262;7,216466;359,835;86,90053;358,2232;7,406747E-08;0,7379404;6;1,785306;-0,8836395;0,6321148
7,272251;-1,289505;0,0591262;7,216466;359,835;86,90053;358,2232;7,427526E-08;0,7369925;6;1,785306;-0,8836395;0,6321148
7,287035;-1,289505;0,0591262;7,216466;359,835;86,90053;358,2232;7,351854E-08;0,7354941;6;1,785306;-0,8836395;0,6321148
7,298463;-1,289505;0,0591262;7,216466;359,835;86,90053;358,2232;8,065808E-08;0,7343401;6;1,785306;-0,8836395;0,6321148
7,309749;-1,286933;0,05742699;7,219248;0,1501996;87,33273;358,1958;3,546617;0,7337233;6;1,785306;-0,8836395;0,6321148
7,323709;-1,286933;0,05742699;7,219248;0,1501996;87,33273;358,1958;0,655889;0,7323219;6;1,785306;-0,8836395;0,6321148
7,338915;-1,286709;0,05678011;7,218156;359,8874;87,02642;358,3075;0,5039827;0,7309536;6;1,785306;-0,8836395;0,6321148
7,354719;-1,286591;0,05707846;7,218136;359,5465;87,11827;357,8635;0,004247714;0,7293959;6;1,785306;-0,8836395;0,6321148
7,367346;-1,287652;0,05697219;7,219368;0,362072;87,39548;359,1771;1,226221;0,7283643;6;1,785306;-0,8836395;0,6321148
7,379356;-1,287652;0,05697219;7,219368;0,362072;87,39548;359,1771;7,991386E-08;0,7271764;6;1,785306;-0,8836395;0,6321148
7,39011;-1,287181;0,05646719;7,219992;359,77;87,52995;358,4905;1,02472;0,726222;6;1,785306;-0,8836395;0,6321148
7,402574;-1,287181;0,05646719;7,219992;359,77;87,52995;358,4905;0,4463901;0,7249967;6;1,785306;-0,8836395;0,6321148
7,414223;-1,287431;0,0567734;7,220463;0,4725572;87,41867;359,4256;0,4695998;0,7239274;6;1,785306;-0,8836395;0,6321148
7,426775;-1,287238;0,05646086;7,220556;0,3070753;87,45985;359,172;0,6890476;0,7227303;6;1,785306;-0,8836395;0,6321148
7,438047;-1,287238;0,05646086;7,220556;0,3070753;87,45985;359,172;0,2775634;0,7216327;6;1,785306;-0,8836395;0,6321148
7,450459;-1,287269;0,05642601;7,221193;0,3245879;87,486;359,4536;0,01168222;0,7205139;6;1,785306;-0,8836395;0,6321148
7,466183;-1,287334;0,056294;7,22117;0,3681645;87,59811;359,4416;0,8133352;0,7190027;6;1,785306;-0,8836395;0,6321148
7,47865;-1,287334;0,056294;7,22117;0,3681645;87,59811;359,4416;0,09848576;0,7178016;6;1,785306;-0,8836395;0,6321148
7,496583;-1,287357;0,05613352;7,221243;0,3535207;87,56087;359,4972;0,002201313;0,7160912;6;1,785306;-0,8836395;0,6321148
7,513474;-1,287444;0,05611167;7,221327;0,3159819;87,52621;359,5875;0,001613855;0,7144942;6;1,785306;-0,8836395;0,6321148
7,526923;-1,28746;0,05598558;7,221295;0,3707327;87,53255;359,5423;0,002123537;0,7132198;6;1,785306;-0,8836395;0,6321148
7,539432;-1,28746;0,05598558;7,221295;0,3707327;87,53255;359,5423;7,822769E-10;0,712034;6;1,785306;-0,8836395;0,6321148
7,551001;-1,287519;0,05595338;7,221299;0,3240415;87,49553;359,5794;0,08134273;0,7109488;6;1,785306;-0,8836395;0,6321148
7,563447;-1,287519;0,05595338;7,221299;0,3240415;87,49553;359,5794;7,630869E-10;0,7097765;6;1,785306;-0,8836395;0,6321148
7,574461;-1,287594;0,05592381;7,221285;0,265739;87,47057;359,5514;0,01856823;0,7087525;6;1,785306;-0,8836395;0,6321148
7,590431;-1,287642;0,05589078;7,221233;0,2480897;87,43855;359,5052;0,005186141;0,7072676;6;1,785306;-0,8836395;0,6321148
7,600822;-1,287642;0,05589078;7,221233;0,2480897;87,43855;359,5052;0,02913009;0,7062987;6;1,785306;-0,8836395;0,6321148
7,609614;-1,287682;0,0559174;7,221233;0,2147312;87,40321;359,566;0,001267426;0,7054864;6;1,785306;-0,8836395;0,6321148
7,622023;-1,287682;0,0559174;7,221233;0,2147312;87,40321;359,566;0,01981145;0,7043356;6;1,785306;-0,8836395;0,6321148
7,632698;-1,287647;0,05587282;7,221219;0,2394018;87,35583;359,4784;0,001257621;0,7033535;6;1,785306;-0,8836395;0,6321148
7,64953;-1,287568;0,055905;7,221172;0,150582;87,37882;359,4646;0,01261653;0,7018148;6;1,785306;-0,8836395;0,6321148
7,667458;-1,287525;0,05593211;7,221211;0,1081528;87,30373;359,4311;0,006558646;0,7001781;6;1,785306;-0,8836395;0,6321148
7,679928;-1,287525;0,05593211;7,221211;0,1081528;87,30373;359,4311;1,554011E-10;0,699039;6;0,7950256;0,527391;0,6321148
7,691554;-1,287588;0,05597209;7,221155;0,1627124;87,26756;359,4353;0,01240093;0,6979913;6;0,7950256;0,527391;0,6321148
7,708364;-6,222159;0,07748793;-5,920498;0,1096555;270,1142;359,8725;179,8787;0,6964661;6;0,7950256;0,527391;0,6321148
7,721291;-6,222159;0,07748793;-5,920498;0,1096555;270,1142;359,8725;0;0,6952978;7;1,729315;-0,7920027;0,6518422
7,732985;-6,222364;0,07782586;-5,920805;-0,003330191;269,9162;0,0644943;0,01117762;0,6942921;7;1,729315;-0,7920027;0,6518422
7,749269;-6,222648;0,07738397;-5,920839;0,237298;269,9414;359,8324;0,006478226;0,6928671;7;1,729315;-0,7920027;0,6518422
7,766234;-6,222342;0,07752573;-5,920557;0,1592973;270,0212;359,7424;0,007097395;0,6914043;7;1,729315;-0,7920027;0,6518422
7,781929;-6,222342;0,07752573;-5,920557;0,1592973;270,0212;359,7424;2,028979E-10;0,6900072;7;1,729315;-0,7920027;0,6518422
7,793259;-6,222523;0,07768003;-5,920891;0,03673641;269,8533;0,04744614;0,007823608;0,6890509;7;1,729315;-0,7920027;0,6518422
7,809505;-6,222373;0,07736696;-5,920864;0,2207144;270,1299;359,8624;0,004609569;0,6876343;7;1,729315;-0,7920027;0,6518422
7,827448;-6,222395;0,07741921;-5,920921;0,2495105;270,121;359,8741;0,001703128;0,6860628;7;1,729315;-0,7920027;0,6518422
7,841773;-6,222395;0,07741921;-5,920921;0,2495105;270,121;359,8741;0,001011511;0,6848072;7;1,729315;-0,7920027;0,6518422
7,853566;-6,222437;0,077655;-5,920856;0,3079223;269,9921;359,9192;0,00444212;0,6837867;7;1,729315;-0,7920027;0,6518422
7,870906;-6,222475;0,07747924;-5,920752;0,4586509;269,9663;0,04952249;0,003022085;0,6822916;7;1,729315;-0,7920027;0,6518422
7,886636;-6,222508;0,07767938;-5,920925;0,2886884;269,8366;0,1619474;0,003404856;0,6809505;7;1,729315;-0,7920027;0,6518422
7,899412;-6,222508;0,07767938;-5,920925;0,2886884;269,8366;0,1619474;0,001102531;0,6798471;7;1,729315;-0,7920027;0,6518422
7,910149;-6,222392;0,07766075;-5,920849;0,3608153;270,149;0,3525644;0,002437512;0,6789402;7;1,729315;-0,7920027;0,6518422
7,925121;-6,222684;0,07748075;-5,920874;0,294617;270,1357;0,001756796;0,005253701;0,6776923;7;2,686875;0,4520494;0,6518422
7,936431;-6,222684;0,07748075;-5,920874;0,294617;270,1357;0,001756796;3,965636E-10;0,6767246;7;2,686875;0,4520494;0,6518422
7,947524;-6,222621;0,07737444;-5,921041;0,325025;270,0088;359,9688;0,004140919;0,6758009;7;2,686875;0,4520494;0,6518422
7,969382;-6,222766;0,07769196;-5,920959;0,1291352;270,1404;0,5176364;166,9798;0,6739647;7;2,686875;0,4520494;0,6518422
7,984298;-6,222766;0,07769196;-5,920959;0,1291352;270,1404;0,5176364;1,932792E-10;0,6727031;8;3,424705;-0,7256294;0,5933192
7,995161;-6,222664;0,07765661;-5,921057;0,04394907;270,1584;0,6586934;0,009197978;0,6718051;8;3,424705;-0,7256294;0,5933192
8,018826;-6,222737;0,07772681;-5,920948;0,06515002;270,1131;0,5367062;0,006607931;0,6698351;8;3,424705;-0,7256294;0,5933192
8,03067;-6,222982;0,0772919;-5,920691;0,2660942;270,1233;0,2057426;0,01177731;0,6688896;8;3,424705;-0,7256294;0,5933192
8,044492;-6,222982;0,0772919;-5,920691;0,2660942;270,1233;0,2057426;5,25924E-10;0,6677382;8;3,424705;-0,7256294;0,5933192
8,056443;-6,222602;0,07749337;-5,920948;0,06441236;270,2253;0,5917303;0,009833996;0,6668029;8;3,424705;-0,7256294;0,5933192
8,071744;-6,222683;0,07712047;-5,920742;0,2036116;270,3522;0,2199767;0,00387919;0,665564;8;3,424705;-0,7256294;0,5933192
8,086466;-6,222856;0,07709219;-5,920979;0,1892682;270,088;0,1024155;0,00346402;0,6643862;8;3,424705;-0,7256294;0,5933192
8,099471;-6,222856;0,07709219;-5,920979;0,1892682;270,088;0,1024155;8,506221E-10;0,6633174;8;3,424705;-0,7256294;0,5933192
8,11418;-6,222528;0,07748969;-5,920918;359,896;270,0718;0,5279089;0,005460065;0,6621538;8;3,424705;-0,7256294;0,5933192
8,131823;-6,222547;0,07711854;-5,920841;359,9695;270,3182;0,219321;0,002215199;0,6607242;8;3,424705;-0,7256294;0,5933192
8,146715;-6,222692;0,07698901;-5,920753;0,1315941;270,2425;0,2678154;0,005707087;0,6595349;8;3,424705;-0,7256294;0,5933192
8,159837;-6,222692;0,07698901;-5,920753;0,1315941;270,2425;0,2678154;9,27796E-10;0,6584724;8;3,424705;-0,7256294;0,5933192
8,173237;-6,222667;0,07677827;-5,920809;0,1705535;270,0259;0,1548987;0,004078611;0,6573982;8;3,424705;-0,7256294;0,5933192
8,187712;-6,222003;0,07746187;-5,920782;0,005522208;270,0883;0,3128946;0,01768854;0,6563152;8;2,351045;0,3955433;0,5933192
8,203567;-6,222003;0,07746187;-5,920782;0,005522208;270,0883;0,3128946;1,107382E-09;0,6550444;8;2,351045;0,3955433;0,5933192
8,216473;-6,222185;0,07722551;-5,920776;0,06689852;270,1255;0,1341895;0,005287342;0,6540358;8;2,351045;0,3955433;0,5933192
8,229734;-6,221886;0,07749936;-5,920937;359,8671;270,1014;0,4463292;0,006641356;0,6530212;8;2,351045;0,3955433;0,5933192
8,239052;-6,221886;0,07749936;-5,920937;359,8671;270,1014;0,4463292;1,435796E-09;0,6522813;8;2,351045;0,3955433;0,5933192
8,254118;-6,221807;0,07751118;-5,920856;359,8303;270,0009;0,4866;0,003170192;0,6511021;8;2,351045;0,3955433;0,5933192
8,271249;-6,221909;0,07694653;-5,921167;0,03700961;269,8814;0,1268676;0,008575724;0,6497908;8;2,351045;0,3955433;0,5933192
8,28654;-6,222008;0,07703058;-5,920843;0,08572252;269,812;0,04397641;0,009246559;0,6486305;8;2,351045;0,3955433;0,5933192
8,300359;-6,222008;0,07703058;-5,920843;0,08572252;269,812;0,04397641;7,674139E-10;0,6475486;8;2,351045;0,3955433;0,5933192
8,309121;-6,221923;0,07667902;-5,920767;0,1358015;270,0248;359,8833;0,01431622;0,6468782;8;2,351045;0,3955433;0,5933192
8,321472;-6,221923;0,07667902;-5,920767;0,1358015;270,0248;359,8833;0,005941575;0,6459163;8;2,351045;0,3955433;0,5933192
8,330993;-6,221948;0,07681613;-5,920988;0,04588886;269,9115;0,1674662;0,004283668;0,6452036;8;2,351045;0,3955433;0,5933192
8,348762;-6,22168;0,07704706;-5,921194;359,9038;269,769;0,384475;0,004879583;0,6438685;8;2,351045;0,3955433;0,5933192
8,364124;-6,22168;0,07704706;-5,921194;359,9038;269,769;0,384475;0,007398473;0,6426837;8;2,351045;0,3955433;0,5933192
8,37282;-6,221592;0,0770172;-5,921181;359,7368;269,845;0,1471396;0,00451191;0,6420257;8;2,351045;0,3955433;0,5933192
8,387836;-6,221617;0,07674661;-5,920874;359,7111;269,9511;359,8945;0,004143984;0,640911;8;2,351045;0,3955433;0,5933192
8,402466;-6,221617;0,07674661;-5,920874;359,7111;269,9511;359,8945;5,057712E-11;0,6397931;8;2,351045;0,3955433;0,5933192
8,414583;-6,221525;0,07671928;-5,920902;359,5726;269,9274;359,9117;0,003216547;0,6388815;8;2,351045;0,3955433;0,5933192
8,431381;-6,221458;0,07663076;-5,921024;359,5203;270,0315;359,9686;0,01459012;0,6376229;8;2,351045;0,3955433;0,5933192
8,443976;-6,221458;0,07663076;-5,921024;359,5203;270,0315;359,9686;1,00951E-10;0,6366701;8;2,351045;0,3955433;0,5933192
8,45342;-6,221625;0,07634566;-5,920885;359,2433;270,0207;0,002225502;0,004208655;0,6359833;8;2,351045;0,3955433;0,5933192
8,463366;-6,221625;0,07634566;-5,920885;359,2433;270,0207;0,002225502;0,007396961;0,6352346;8;2,351045;0,3955433;0,5933192
8,472391;-6,221351;0,07611499;-5,920603;359,1302;270,0241;359,893;0,01157086;0,6346032;8;2,351045;0,3955433;0,5933192
8,483248;-6,221351;0,07611499;-5,920603;359,1302;270,0241;359,893;0,001704892;0,6337896;8;2,351045;0,3955433;0,5933192
8,492452;-6,22042;0,07649627;-5,920525;359,4668;270,0381;0,1351458;0,03101427;0,6332116;8;2,351045;0,3955433;0,5933192
8,50872;-6,220763;0,07641879;-5,920273;358,8275;269,8231;359,6563;0,004387719;0,6320488;8;2,351045;0,3955433;0,5933192
8,519681;-6,220763;0,07641879;-5,920273;358,8275;269,8231;359,6563;5,548116E-10;0,6312342;8;2,351045;0,3955433;0,5933192
8,528996;-6,221156;0,07647704;-5,920757;358,5908;270,0385;0,05834715;0,02243784;0,6306169;8;2,351045;0,3955433;0,5933192
8,538096;-6,221156;0,07647704;-5,920757;358,5908;270,0385;0,05834715;9,65318E-10;0,6299435;8;2,351045;0,3955433;0,5933192
8,550544;-6,22105;0,07633139;-5,920578;357,937;270,0266;359,9483;0,01143667;0,6290492;8;2,351045;0,3955433;0,5933192
8,560765;-6,22105;0,07633139;-5,920578;357,937;270,0266;359,9483;0,005570222;0,6282969;8;2,351045;0,3955433;0,5933192
8,571828;-6,220439;0,07703204;-5,920757;357,4732;269,9593;0,55064;0,02130527;0,6275589;8;2,351045;0,3955433;0,5933192
8,590545;-6,220046;0,07803046;-5,921082;356,5524;270,0476;0,7090998;0,01492368;0,6262487;8;2,351045;0,3955433;0,5933192
8,604693;-6,218719;0,07940804;-5,921492;355,4996;269,9197;1,556754;0,03777234;0,6253787;8;2,351045;0,3955433;0,5933192
8,615311;-6,218719;0,07940804;-5,921492;355,4996;269,9197;1,556754;1,81964E-09;0,6246067;8;2,351045;0,3955433;0,5933192
8,625308;-6,218664;0,08135583;-5,922512;354,1296;270,5226;0,7496171;0,05506692;0,6240001;8;2,351045;0,3955433;0,5933192
8,638928;-6,218664;0,08135583;-5,922512;354,1296;270,5226;0,7496171;0,002433799;0,6230146;8;2,351045;0,3955433;0,5933192
8,649897;-6,216834;0,08373788;-5,923229;352,4992;270,4647;1,515855;0,07158674;0,6224508;8;2,351045;0,3955433;0,5933192
8,664769;-6,215176;0,08543155;-5,923782;350,4603;270,9449;1,980417;0,05040771;0,6215826;8;2,351045;0,3955433;0,5933192
8,680065;-6,215176;0,08543155;-5,923782;350,4603;270,9449;1,980417;3,652587E-09;0,6204853;8;2,351045;0,3955433;0,5933192
8,692636;-6,212887;0,08871998;-5,925079;347,8994;270,803;3,118355;0,08516992;0,6198896;8;2,351045;0,3955433;0,5933192
8,702474;-6,212887;0,08871998;-5,925079;347,8994;270,803;3,118355;3,598053E-09;0,6191876;8;2,351045;0,3955433;0,5933192
8,714075;-6,209675;0,09147753;-5,926168;344,9972;270,8044;4,358359;0,06803;0,6187517;8;2,351045;0,3955433;0,5933192
8,725368;-6,209675;0,09147753;-5,926168;344,9972;270,8044;4,358359;0,006338653;0,6179495;8;2,351045;0,3955433;0,5933192
8,741821;-6,209675;0,09147753;-5,926168;344,9972;270,8044;4,358359;7,102925E-09;0,6167844;8;2,351045;0,3955433;0,5933192
8,758911;-6,209675;0,09147753;-5,926168;344,9972;270,8044;4,358359;0,01561937;0,6155788;8;2,351045;0,3955433;0,5933192
8,774577;-6,209675;0,09147753;-5,926168;344,9972;270,8044;4,358359;6,74197E-09;0,6144779;8;2,351045;0,3955433;0,5933192
8,786932;-6,209675;0,09147753;-5,926168;344,9972;270,8044;4,358359;0,004561147;0,6136124;8;2,351045;0,3955433;0,5933192
8,797534;-6,209675;0,09147753;-5,926168;344,9972;270,8044;4,358359;6,703494E-09;0,6128716;8;2,351045;0,3955433;0,5933192
8,80655;-6,209675;0,09147753;-5,926168;344,9972;270,8044;4,358359;0,01933613;0,6122431;8;2,351045;0,3955433;0,5933192
8,817017;-6,209675;0,09147753;-5,926168;344,9972;270,8044;4,358359;0,01357333;0,6115151;8;2,351045;0,3955433;0,5933192
8,82504;-6,209675;0,09147753;-5,926168;344,9972;270,8044;4,358359;0,03275155;0,6109582;8;2,351045;0,3955433;0,5933192
8,835526;-6,209675;0,09147753;-5,926168;344,9972;270,8044;4,358359;0;0,6102319;8;2,351045;0,3955433;0,5933192
8,845377;-6,209675;0,09147753;-5,926168;344,9972;270,8044;4,358359;0,05312948;0,6095511;8;2,351045;0,3955433;0,5933192
8,855386;-6,209675;0,09147753;-5,926168;344,9972;270,8044;4,358359;0;0,6088609;8;2,351045;0,3955433;0,5933192
8,865343;-6,209675;0,09147753;-5,926168;344,9972;270,8044;4,358359;0,06909005;0,6081759;8;2,351045;0,3955433;0,5933192
8,875478;-6,209675;0,09147753;-5,926168;344,9972;270,8044;4,358359;0,04030191;0,6074802;8;2,351045;0,3955433;0,5933192
8,887842;-6,107471;0,1477287;-5,941463;317,3231;266,532;6,61481;2,369947;0,6182809;8;2,351045;0,3955433;0,5933192
8,899508;-6,107471;0,1477287;-5,941463;317,3231;266,532;6,61481;0,08480951;0,6174691;9;3,04356;-0,7470551;0,5517815
8,908648;-6,080812;0,1506468;-5,943256;318,9851;265,6821;6,290514;0,756425;0,619839;9;3,04356;-0,7470551;0,5517815
8,919379;-6,080812;0,1506468;-5,943256;318,9851;265,6821;6,290514;0,09650336;0,6190919;9;3,04356;-0,7470551;0,5517815
8,931244;-6,052212;0,1512044;-5,945276;320,533;264,7732;5,991625;0,6183028;0,6214837;9;3,04356;-0,7470551;0,5517815
8,940629;-6,052212;0,1512044;-5,945276;320,533;264,7732;5,991625;0;0,6208302;9;3,04356;-0,7470551;0,5517815
8,950773;-6,021152;0,1483893;-5,946693;322,7765;264,5276;4,99597;0,81825;0,6236051;9;3,04356;-0,7470551;0,5517815
8,972352;-5,987922;0,144109;-5,948273;324,8849;264,0262;3,807;0,4045892;0,6258168;9;3,04356;-0,7470551;0,5517815
8,984811;-5,970117;0,1410153;-5,948912;326,1823;263,7144;3,365467;0,3835723;0,6269339;9;3,04356;-0,7470551;0,5517815
8,995416;-5,970117;0,1410153;-5,948912;326,1823;263,7144;3,365467;0;0,6261935;9;3,04356;-0,7470551;0,5517815
9,004704;-5,933964;0,1342797;-5,950157;328,9856;263,0819;2,471888;1,062418;0,6295706;9;3,04356;-0,7470551;0,5517815
9,021039;-5,933964;0,1342797;-5,950157;328,9856;263,0819;2,471888;0;0,6284287;9;3,04356;-0,7470551;0,5517815
9,031755;-5,875996;0,1230424;-5,95076;333,7801;262,2955;1,384359;1,425578;0,6341112;9;3,04356;-0,7470551;0,5517815
9,049256;-5,836081;0,1155566;-5,950636;337,5153;261,8499;0,7640709;0,5750026;0,637301;9;3,04356;-0,7470551;0,5517815
9,06798;-5,794094;0,1081108;-5,949169;341,0927;261,3798;359,3399;0,5445999;0,6406238;9;3,04356;-0,7470551;0,5517815
9,086;-5,751652;0,1008293;-5,94627;344,5514;260,0765;358,8231;0,5529701;0,644041;9;3,04356;-0,7470551;0,5517815
9,096957;-5,751652;0,1008293;-5,94627;344,5514;260,0765;358,8231;3,426918E-09;0,643264;9;3,04356;-0,7470551;0,5517815
9,107242;-5,707714;0,09514559;-5,941992;348,6204;258,9283;358,3416;0,9939636;0,6473917;9;3,04356;-0,7470551;0,5517815
9,120859;-5,707714;0,09514559;-5,941992;348,6204;258,9283;358,3416;2,154478;0,6464236;9;3,04356;-0,7470551;0,5517815
9,131678;-5,663594;0,09097482;-5,936239;352,869;256,7509;359,3844;0,9411629;0,6505371;9;3,04356;-0,7470551;0,5517815
9,144977;-5,620079;0,08861127;-5,929909;356,1407;254,5116;359,3362;0,2055484;0,6544059;9;3,04356;-0,7470551;0,5517815
9,155495;-5,620079;0,08861127;-5,929909;356,1407;254,5116;359,3362;0;0,6536528;9;3,04356;-0,7470551;0,5517815
9,16697;-5,576032;0,08741803;-5,922247;359,3821;253,0181;359,1359;0,373025;0,6577184;9;3,04356;-0,7470551;0,5517815
9,190056;-5,532938;0,08872967;-5,914825;2,218299;251,8516;358,4856;0,4067841;0,6608296;9;3,04356;-0,7470551;0,5517815
9,217196;-5,470479;0,09250291;-5,903305;7,04686;251,457;357,2142;0,207807;0,6657826;9;3,04356;-0,7470551;0,5517815
9,243275;-5,432695;0,09856145;-5,897774;9,121955;250,7192;357,0142;0,0996327;0,6680392;9;3,04356;-0,7470551;0,5517815
9,253068;-5,414699;0,101946;-5,895603;10,51504;250,8629;356,8494;0,1525323;0,6692932;9;3,04356;-0,7470551;0,5517815
9,275023;-5,366428;0,1115123;-5,891619;15,73197;252,6377;359,4485;0,4304632;0,672937;9;3,04356;-0,7470551;0,5517815
